Name,Date,country,state,locality,site,strata,Height (cm),Latitude,Longitude,Depth,Camera,Photographer,Water quality,Strobes,Framing gear used,White balance card,Comments
AP103798.jpg,2025-04-02,ARGENTINA,CHUBUT,PUERTO PIRAMIDES,SAN LORENZO,MIDTIDE,42,-42.094725,-63.9093716666667,,TG-6,Nico,,no,25x25cm,,Workshop 2025
AP103799.jpg,2025-04-02,ARGENTINA,CHUBUT,PUERTO PIRAMIDES,SAN LORENZO,MIDTIDE,42,-42.0947183333333,-63.9093566666667,,TG-6,Nico,,no,25x25cm,,Workshop 2025
AP103800.jpg,2025-04-02,ARGENTINA,CHUBUT,PUERTO PIRAMIDES,SAN LORENZO,MIDTIDE,42,-42.0947066666667,-63.909325,,TG-6,Nico,,no,25x25cm,,Workshop 2025
AP103801.jpg,2025-04-02,ARGENTINA,CHUBUT,PUERTO PIRAMIDES,SAN LORENZO,MIDTIDE,42,-42.0947066666667,-63.909325,,TG-6,Nico,,no,25x25cm,,Workshop 2025
AP103802.jpg,2025-04-02,ARGENTINA,CHUBUT,PUERTO PIRAMIDES,SAN LORENZO,MIDTIDE,42,-42.0946933333333,-63.90932,,TG-6,Nico,,no,25x25cm,,Workshop 2025
AP103803.jpg,2025-04-02,ARGENTINA,CHUBUT,PUERTO PIRAMIDES,SAN LORENZO,MIDTIDE,42,-42.0946916666667,-63.9093033333333,,TG-6,Nico,,no,25x25cm,,Workshop 2025
AP103804.jpg,2025-04-02,ARGENTINA,CHUBUT,PUERTO PIRAMIDES,SAN LORENZO,MIDTIDE,42,-42.0946916666667,-63.909305,,TG-6,Nico,,no,25x25cm,,Workshop 2025
AP103805.jpg,2025-04-02,ARGENTINA,CHUBUT,PUERTO PIRAMIDES,SAN LORENZO,MIDTIDE,42,-42.0946933333333,-63.9092933333333,,TG-6,Nico,,no,25x25cm,,Workshop 2025
AP103806.jpg,2025-04-02,ARGENTINA,CHUBUT,PUERTO PIRAMIDES,SAN LORENZO,MIDTIDE,42,-42.0946933333333,-63.90929,,TG-6,Nico,,no,25x25cm,,Workshop 2025
AP103807.jpg,2025-04-02,ARGENTINA,CHUBUT,PUERTO PIRAMIDES,SAN LORENZO,MIDTIDE,42,-42.0946883333333,-63.9092833333333,,TG-6,Nico,,no,25x25cm,,Workshop 2025
AP103808.jpg,2025-04-02,ARGENTINA,CHUBUT,PUERTO PIRAMIDES,SAN LORENZO,MIDTIDE,42,-42.0946883333333,-63.9092816666667,,TG-6,Nico,,no,25x25cm,,Workshop 2025
AP103810.jpg,2025-04-02,ARGENTINA,CHUBUT,PUERTO PIRAMIDES,SAN LORENZO,MIDTIDE,42,-42.0946783333333,-63.90927,,TG-6,Nico,,no,25x25cm,,Workshop 2025
AP103811.jpg,2025-04-02,ARGENTINA,CHUBUT,PUERTO PIRAMIDES,SAN LORENZO,MIDTIDE,42,-42.0946783333333,-63.90927,,TG-6,Nico,,no,25x25cm,,Workshop 2025
AP103812.jpg,2025-04-02,ARGENTINA,CHUBUT,PUERTO PIRAMIDES,SAN LORENZO,MIDTIDE,42,-42.0946783333333,-63.90927,,TG-6,Nico,,no,25x25cm,,Workshop 2025
AP103813.jpg,2025-04-02,ARGENTINA,CHUBUT,PUERTO PIRAMIDES,SAN LORENZO,MIDTIDE,42,-42.0946783333333,-63.9092683333333,,TG-6,Nico,,no,25x25cm,,Workshop 2025
AP103814.jpg,2025-04-02,ARGENTINA,CHUBUT,PUERTO PIRAMIDES,SAN LORENZO,MIDTIDE,42,-42.0946766666667,-63.9092433333333,,TG-6,Nico,,no,25x25cm,,Workshop 2025
AP103815.jpg,2025-04-02,ARGENTINA,CHUBUT,PUERTO PIRAMIDES,SAN LORENZO,MIDTIDE,42,-42.0946766666667,-63.9092416666667,,TG-6,Nico,,no,25x25cm,,Workshop 2025
AP103817.jpg,2025-04-02,ARGENTINA,CHUBUT,PUERTO PIRAMIDES,SAN LORENZO,MIDTIDE,42,-42.094665,-63.9091816666667,,TG-6,Nico,,no,25x25cm,,Workshop 2025
AP103818.jpg,2025-04-02,ARGENTINA,CHUBUT,PUERTO PIRAMIDES,SAN LORENZO,MIDTIDE,42,-42.094665,-63.90918,,TG-6,Nico,,no,25x25cm,,Workshop 2025
AP103819.jpg,2025-04-02,ARGENTINA,CHUBUT,PUERTO PIRAMIDES,SAN LORENZO,MIDTIDE,42,-42.094665,-63.9091766666667,,TG-6,Nico,,no,25x25cm,,Workshop 2025
AP103820.jpg,2025-04-02,ARGENTINA,CHUBUT,PUERTO PIRAMIDES,SAN LORENZO,MIDTIDE,42,-42.0946666666667,-63.9091766666667,,TG-6,Nico,,no,25x25cm,,Workshop 2025
AP103821.jpg,2025-04-02,ARGENTINA,CHUBUT,PUERTO PIRAMIDES,SAN LORENZO,MIDTIDE,42,-42.0946616666667,-63.9091533333333,,TG-6,Nico,,no,25x25cm,,Workshop 2025
AP103822.jpg,2025-04-02,ARGENTINA,CHUBUT,PUERTO PIRAMIDES,SAN LORENZO,MIDTIDE,42,-42.0946483333333,-63.9091416666667,,TG-6,Nico,,no,25x25cm,,Workshop 2025
AP103823.jpg,2025-04-02,ARGENTINA,CHUBUT,PUERTO PIRAMIDES,SAN LORENZO,MIDTIDE,42,-42.0946416666667,-63.9091516666667,,TG-6,Nico,,no,25x25cm,,Workshop 2025
AP103824.jpg,2025-04-02,ARGENTINA,CHUBUT,PUERTO PIRAMIDES,SAN LORENZO,MIDTIDE,42,-42.0946933333333,-63.909085,,TG-6,Nico,,no,25x25cm,,Workshop 2025
AP103825.jpg,2025-04-02,ARGENTINA,CHUBUT,PUERTO PIRAMIDES,SAN LORENZO,MIDTIDE,42,-42.09467,-63.9090683333333,,TG-6,Nico,,no,25x25cm,,Workshop 2025
AP103826.jpg,2025-04-02,ARGENTINA,CHUBUT,PUERTO PIRAMIDES,SAN LORENZO,MIDTIDE,42,-42.0946516666667,-63.90907,,TG-6,Nico,,no,25x25cm,,Workshop 2025
AP103827.jpg,2025-04-02,ARGENTINA,CHUBUT,PUERTO PIRAMIDES,SAN LORENZO,MIDTIDE,42,-42.094665,-63.909065,,TG-6,Nico,,no,25x25cm,,Workshop 2025
AP103830.jpg,2025-04-02,ARGENTINA,CHUBUT,PUERTO PIRAMIDES,SAN LORENZO,MIDTIDE,42,-42.09518,-63.9103983333333,,TG-6,Nico,,no,25x25cm,,Workshop 2025
AP103831.jpg,2025-04-02,ARGENTINA,CHUBUT,PUERTO PIRAMIDES,SAN LORENZO,MIDTIDE,42,-42.0951633333333,-63.91049,,TG-6,Nico,,no,25x25cm,,Workshop 2025
AP103832.jpg,2025-04-02,ARGENTINA,CHUBUT,PUERTO PIRAMIDES,SAN LORENZO,MIDTIDE,42,-42.0951666666667,-63.9104933333333,,TG-6,Nico,,no,25x25cm,,Workshop 2025
AP103833.jpg,2025-04-02,ARGENTINA,CHUBUT,PUERTO PIRAMIDES,SAN LORENZO,MIDTIDE,42,-42.0951683333333,-63.910485,,TG-6,Nico,,no,25x25cm,,Workshop 2025
AP103834.jpg,2025-04-02,ARGENTINA,CHUBUT,PUERTO PIRAMIDES,SAN LORENZO,MIDTIDE,42,-42.0951683333333,-63.9104866666667,,TG-6,Nico,,no,25x25cm,,Workshop 2025
AP103835.jpg,2025-04-02,ARGENTINA,CHUBUT,PUERTO PIRAMIDES,SAN LORENZO,MIDTIDE,42,-42.0951683333333,-63.9104883333333,,TG-6,Nico,,no,25x25cm,,Workshop 2025
AP103837.jpg,2025-04-02,ARGENTINA,CHUBUT,PUERTO PIRAMIDES,SAN LORENZO,MIDTIDE,42,-42.0951866666667,-63.910545,,TG-6,Nico,,no,25x25cm,,Workshop 2025
AP103838.jpg,2025-04-02,ARGENTINA,CHUBUT,PUERTO PIRAMIDES,SAN LORENZO,MIDTIDE,42,-42.09523,-63.91066,,TG-6,Nico,,no,25x25cm,,Workshop 2025
AP103839.jpg,2025-04-02,ARGENTINA,CHUBUT,PUERTO PIRAMIDES,SAN LORENZO,MIDTIDE,42,-42.095225,-63.91066,,TG-6,Nico,,no,25x25cm,,Workshop 2025
AP103840.jpg,2025-04-02,ARGENTINA,CHUBUT,PUERTO PIRAMIDES,SAN LORENZO,MIDTIDE,42,-42.0952233333333,-63.91066,,TG-6,Nico,,no,25x25cm,,Workshop 2025
AP103841.jpg,2025-04-02,ARGENTINA,CHUBUT,PUERTO PIRAMIDES,SAN LORENZO,MIDTIDE,42,-42.095225,-63.9106616666667,,TG-6,Nico,,no,25x25cm,,Workshop 2025
AP103842.jpg,2025-04-02,ARGENTINA,CHUBUT,PUERTO PIRAMIDES,SAN LORENZO,MIDTIDE,42,-42.0952266666667,-63.9106633333333,,TG-6,Nico,,no,25x25cm,,Workshop 2025
AP103843.jpg,2025-04-02,ARGENTINA,CHUBUT,PUERTO PIRAMIDES,SAN LORENZO,MIDTIDE,42,-42.095235,-63.9106633333333,,TG-6,Nico,,no,25x25cm,,Workshop 2025
AP103844.jpg,2025-04-02,ARGENTINA,CHUBUT,PUERTO PIRAMIDES,SAN LORENZO,MIDTIDE,42,-42.0952433333333,-63.9106883333333,,TG-6,Nico,,no,25x25cm,,Workshop 2025
AP103845.jpg,2025-04-02,ARGENTINA,CHUBUT,PUERTO PIRAMIDES,SAN LORENZO,MIDTIDE,42,-42.0952483333333,-63.910715,,TG-6,Nico,,no,25x25cm,,Workshop 2025
AP103846.jpg,2025-04-02,ARGENTINA,CHUBUT,PUERTO PIRAMIDES,SAN LORENZO,MIDTIDE,42,-42.095245,-63.910775,,TG-6,Nico,,no,25x25cm,,Workshop 2025
AP103847.jpg,2025-04-02,ARGENTINA,CHUBUT,PUERTO PIRAMIDES,SAN LORENZO,MIDTIDE,42,-42.0952583333333,-63.9108516666667,,TG-6,Nico,,no,25x25cm,,Workshop 2025
AP103848.jpg,2025-04-02,ARGENTINA,CHUBUT,PUERTO PIRAMIDES,SAN LORENZO,MIDTIDE,42,-42.0952966666667,-63.91087,,TG-6,Nico,,no,25x25cm,,Workshop 2025
AP103849.jpg,2025-04-02,ARGENTINA,CHUBUT,PUERTO PIRAMIDES,SAN LORENZO,MIDTIDE,42,-42.0952966666667,-63.91087,,TG-6,Nico,,no,25x25cm,,Workshop 2025
AP103850.jpg,2025-04-02,ARGENTINA,CHUBUT,PUERTO PIRAMIDES,SAN LORENZO,MIDTIDE,42,-42.0952966666667,-63.91087,,TG-6,Nico,,no,25x25cm,,Workshop 2025
AP103851.jpg,2025-04-02,ARGENTINA,CHUBUT,PUERTO PIRAMIDES,SAN LORENZO,MIDTIDE,42,-42.095295,-63.9108683333333,,TG-6,Nico,,no,25x25cm,,Workshop 2025
AP103853.jpg,2025-04-02,ARGENTINA,CHUBUT,PUERTO PIRAMIDES,SAN LORENZO,LOWTIDE,42,-42.0951233333333,-63.9111883333333,,TG-6,Nico,,no,25x25cm,,Workshop 2025
AP103854.jpg,2025-04-02,ARGENTINA,CHUBUT,PUERTO PIRAMIDES,SAN LORENZO,LOWTIDE,42,-42.0951233333333,-63.9111883333333,,TG-6,Nico,,no,25x25cm,,Workshop 2025
AP103855.jpg,2025-04-02,ARGENTINA,CHUBUT,PUERTO PIRAMIDES,SAN LORENZO,LOWTIDE,42,-42.0951183333333,-63.91118,,TG-6,Nico,,no,25x25cm,,Workshop 2025
AP103856.jpg,2025-04-02,ARGENTINA,CHUBUT,PUERTO PIRAMIDES,SAN LORENZO,LOWTIDE,42,-42.0951366666667,-63.91119,,TG-6,Nico,,no,25x25cm,,Workshop 2025
AP103857.jpg,2025-04-02,ARGENTINA,CHUBUT,PUERTO PIRAMIDES,SAN LORENZO,LOWTIDE,42,-42.0951433333333,-63.9111566666667,,TG-6,Nico,,no,25x25cm,,Workshop 2025
AP103858.jpg,2025-04-02,ARGENTINA,CHUBUT,PUERTO PIRAMIDES,SAN LORENZO,LOWTIDE,42,-42.0951516666667,-63.9111383333333,,TG-6,Nico,,no,25x25cm,,Workshop 2025
AP103859.jpg,2025-04-02,ARGENTINA,CHUBUT,PUERTO PIRAMIDES,SAN LORENZO,LOWTIDE,42,-42.09515,-63.9111383333333,,TG-6,Nico,,no,25x25cm,,Workshop 2025
AP103860.jpg,2025-04-02,ARGENTINA,CHUBUT,PUERTO PIRAMIDES,SAN LORENZO,LOWTIDE,42,-42.0951483333333,-63.91114,,TG-6,Nico,,no,25x25cm,,Workshop 2025
AP103861.jpg,2025-04-02,ARGENTINA,CHUBUT,PUERTO PIRAMIDES,SAN LORENZO,LOWTIDE,42,-42.0951483333333,-63.9111033333333,,TG-6,Nico,,no,25x25cm,,Workshop 2025
AP103862.jpg,2025-04-02,ARGENTINA,CHUBUT,PUERTO PIRAMIDES,SAN LORENZO,LOWTIDE,42,-42.0951483333333,-63.9110566666667,,TG-6,Nico,,no,25x25cm,,Workshop 2025
AP190002.jpg,2025-04-02,ARGENTINA,CHUBUT,PUERTO PIRAMIDES,SAN LORENZO,MIDTIDE,42,-42.0948316666667,-63.9091833333333,,TG-7,Cesar,,no,25x25cm,,Workshop 2025
AP190003.jpg,2025-04-02,ARGENTINA,CHUBUT,PUERTO PIRAMIDES,SAN LORENZO,MIDTIDE,42,-42.09483,-63.9092133333333,,TG-7,Cesar,,no,25x25cm,,Workshop 2025
AP190004.jpg,2025-04-02,ARGENTINA,CHUBUT,PUERTO PIRAMIDES,SAN LORENZO,MIDTIDE,42,-42.0948083333333,-63.9092133333333,,TG-7,Cesar,,no,25x25cm,,Workshop 2025
AP190005.jpg,2025-04-02,ARGENTINA,CHUBUT,PUERTO PIRAMIDES,SAN LORENZO,MIDTIDE,42,-42.0947766666667,-63.9091983333333,,TG-7,Cesar,,no,25x25cm,,Workshop 2025
AP190006.jpg,2025-04-02,ARGENTINA,CHUBUT,PUERTO PIRAMIDES,SAN LORENZO,MIDTIDE,42,-42.0947883333333,-63.9091666666667,,TG-7,Cesar,,no,25x25cm,,Workshop 2025
AP190007.jpg,2025-04-02,ARGENTINA,CHUBUT,PUERTO PIRAMIDES,SAN LORENZO,MIDTIDE,42,-42.0947783333333,-63.90913,,TG-7,Cesar,,no,25x25cm,,Workshop 2025
AP190008.jpg,2025-04-02,ARGENTINA,CHUBUT,PUERTO PIRAMIDES,SAN LORENZO,MIDTIDE,42,-42.09476,-63.9091366666667,,TG-7,Cesar,,no,25x25cm,,Workshop 2025
AP190009.jpg,2025-04-02,ARGENTINA,CHUBUT,PUERTO PIRAMIDES,SAN LORENZO,MIDTIDE,42,-42.094755,-63.909135,,TG-7,Cesar,,no,25x25cm,,Workshop 2025
AP190010.jpg,2025-04-02,ARGENTINA,CHUBUT,PUERTO PIRAMIDES,SAN LORENZO,MIDTIDE,42,-42.094755,-63.9091333333333,,TG-7,Cesar,,no,25x25cm,,Workshop 2025
AP190011.jpg,2025-04-02,ARGENTINA,CHUBUT,PUERTO PIRAMIDES,SAN LORENZO,MIDTIDE,42,-42.0947233333333,-63.9090716666667,,TG-7,Cesar,,no,25x25cm,,Workshop 2025
AP190012.jpg,2025-04-02,ARGENTINA,CHUBUT,PUERTO PIRAMIDES,SAN LORENZO,MIDTIDE,42,-42.0947233333333,-63.9090283333333,,TG-7,Cesar,,no,25x25cm,,Workshop 2025
AP190013.jpg,2025-04-02,ARGENTINA,CHUBUT,PUERTO PIRAMIDES,SAN LORENZO,MIDTIDE,42,-42.0947233333333,-63.9090316666667,,TG-7,Cesar,,no,25x25cm,,Workshop 2025
AP190014.jpg,2025-04-02,ARGENTINA,CHUBUT,PUERTO PIRAMIDES,SAN LORENZO,MIDTIDE,42,-42.0947233333333,-63.9090283333333,,TG-7,Cesar,,no,25x25cm,,Workshop 2025
AP190015.jpg,2025-04-02,ARGENTINA,CHUBUT,PUERTO PIRAMIDES,SAN LORENZO,MIDTIDE,42,-42.09471,-63.9090133333333,,TG-7,Cesar,,no,25x25cm,,Workshop 2025
AP190016.jpg,2025-04-02,ARGENTINA,CHUBUT,PUERTO PIRAMIDES,SAN LORENZO,MIDTIDE,42,-42.0947883333333,-63.908995,,TG-7,Cesar,,no,25x25cm,,Workshop 2025
AP190017.jpg,2025-04-02,ARGENTINA,CHUBUT,PUERTO PIRAMIDES,SAN LORENZO,MIDTIDE,42,-42.0946733333333,-63.9091166666667,,TG-7,Cesar,,no,25x25cm,,Workshop 2025
AP190018.jpg,2025-04-02,ARGENTINA,CHUBUT,PUERTO PIRAMIDES,SAN LORENZO,MIDTIDE,42,-42.094685,-63.9091266666667,,TG-7,Cesar,,no,25x25cm,,Workshop 2025
AP190019.jpg,2025-04-02,ARGENTINA,CHUBUT,PUERTO PIRAMIDES,SAN LORENZO,MIDTIDE,42,-42.0946966666667,-63.909135,,TG-7,Cesar,,no,25x25cm,,Workshop 2025
AP190020.jpg,2025-04-02,ARGENTINA,CHUBUT,PUERTO PIRAMIDES,SAN LORENZO,MIDTIDE,42,-42.0946966666667,-63.909135,,TG-7,Cesar,,no,25x25cm,,Workshop 2025
AP190021.jpg,2025-04-02,ARGENTINA,CHUBUT,PUERTO PIRAMIDES,SAN LORENZO,MIDTIDE,42,-42.0947033333333,-63.90913,,TG-7,Cesar,,no,25x25cm,,Workshop 2025
AP190022.jpg,2025-04-02,ARGENTINA,CHUBUT,PUERTO PIRAMIDES,SAN LORENZO,MIDTIDE,42,-42.094695,-63.9091316666667,,TG-7,Cesar,,no,25x25cm,,Workshop 2025
AP190023.jpg,2025-04-02,ARGENTINA,CHUBUT,PUERTO PIRAMIDES,SAN LORENZO,MIDTIDE,42,-42.0947083333333,-63.9091283333333,,TG-7,Cesar,,no,25x25cm,,Workshop 2025
AP190024.jpg,2025-04-02,ARGENTINA,CHUBUT,PUERTO PIRAMIDES,SAN LORENZO,MIDTIDE,42,-42.0947133333333,-63.9091333333333,,TG-7,Cesar,,no,25x25cm,,Workshop 2025
AP190025.jpg,2025-04-02,ARGENTINA,CHUBUT,PUERTO PIRAMIDES,SAN LORENZO,MIDTIDE,42,-42.0947116666667,-63.9091216666667,,TG-7,Cesar,,no,25x25cm,,Workshop 2025
AP190026.jpg,2025-04-02,ARGENTINA,CHUBUT,PUERTO PIRAMIDES,SAN LORENZO,MIDTIDE,42,-42.0947183333333,-63.9090616666667,,TG-7,Cesar,,no,25x25cm,,Workshop 2025
AP190027.jpg,2025-04-02,ARGENTINA,CHUBUT,PUERTO PIRAMIDES,SAN LORENZO,MIDTIDE,42,-42.094715,-63.9090516666667,,TG-7,Cesar,,no,25x25cm,,Workshop 2025
AP190028.jpg,2025-04-02,ARGENTINA,CHUBUT,PUERTO PIRAMIDES,SAN LORENZO,MIDTIDE,42,-42.094715,-63.9090516666667,,TG-7,Cesar,,no,25x25cm,,Workshop 2025
AP190029.jpg,2025-04-02,ARGENTINA,CHUBUT,PUERTO PIRAMIDES,SAN LORENZO,MIDTIDE,42,-42.09475,-63.9090583333333,,TG-7,Cesar,,no,25x25cm,,Workshop 2025
AP190030.jpg,2025-04-02,ARGENTINA,CHUBUT,PUERTO PIRAMIDES,SAN LORENZO,MIDTIDE,42,-42.0947833333333,-63.9090633333333,,TG-7,Cesar,,no,25x25cm,,Workshop 2025
AP190031.jpg,2025-04-02,ARGENTINA,CHUBUT,PUERTO PIRAMIDES,SAN LORENZO,MIDTIDE,42,-42.0947916666667,-63.9090616666667,,TG-7,Cesar,,no,25x25cm,,Workshop 2025
AP190032.jpg,2025-04-02,ARGENTINA,CHUBUT,PUERTO PIRAMIDES,SAN LORENZO,MIDTIDE,42,-42.0948033333333,-63.9090583333333,,TG-7,Cesar,,no,25x25cm,,Workshop 2025
AP190033.jpg,2025-04-02,ARGENTINA,CHUBUT,PUERTO PIRAMIDES,SAN LORENZO,MIDTIDE,42,-42.0948116666667,-63.9090566666667,,TG-7,Cesar,,no,25x25cm,,Workshop 2025
AP190034.jpg,2025-04-02,ARGENTINA,CHUBUT,PUERTO PIRAMIDES,SAN LORENZO,MIDTIDE,42,-42.0948133333333,-63.9090533333333,,TG-7,Cesar,,no,25x25cm,,Workshop 2025
AP190035.jpg,2025-04-02,ARGENTINA,CHUBUT,PUERTO PIRAMIDES,SAN LORENZO,LOWTIDE,42,-42.094865,-63.9090983333333,,TG-7,Cesar,,no,25x25cm,,Workshop 2025
AP190036.jpg,2025-04-02,ARGENTINA,CHUBUT,PUERTO PIRAMIDES,SAN LORENZO,LOWTIDE,42,-42.09489,-63.9091033333333,,TG-7,Cesar,,no,25x25cm,,Workshop 2025
AP190037.jpg,2025-04-02,ARGENTINA,CHUBUT,PUERTO PIRAMIDES,SAN LORENZO,LOWTIDE,42,-42.0948916666667,-63.9091033333333,,TG-7,Cesar,,no,25x25cm,,Workshop 2025
AP190038.jpg,2025-04-02,ARGENTINA,CHUBUT,PUERTO PIRAMIDES,SAN LORENZO,LOWTIDE,42,-42.0948916666667,-63.9091033333333,,TG-7,Cesar,,no,25x25cm,,Workshop 2025
AP190039.jpg,2025-04-02,ARGENTINA,CHUBUT,PUERTO PIRAMIDES,SAN LORENZO,LOWTIDE,42,-42.0949383333333,-63.9091666666667,,TG-7,Cesar,,no,25x25cm,,Workshop 2025
AP190040.jpg,2025-04-02,ARGENTINA,CHUBUT,PUERTO PIRAMIDES,SAN LORENZO,MIDTIDE,42,-42.09511,-63.9096133333333,,TG-7,Cesar,,no,25x25cm,,Workshop 2025
AP190041.jpg,2025-04-02,ARGENTINA,CHUBUT,PUERTO PIRAMIDES,SAN LORENZO,MIDTIDE,42,-42.095105,-63.9096233333333,,TG-7,Cesar,,no,25x25cm,,Workshop 2025
AP190042.jpg,2025-04-02,ARGENTINA,CHUBUT,PUERTO PIRAMIDES,SAN LORENZO,MIDTIDE,42,-42.095285,-63.91009,,TG-7,Cesar,,no,25x25cm,,Workshop 2025
AP190043.jpg,2025-04-02,ARGENTINA,CHUBUT,PUERTO PIRAMIDES,SAN LORENZO,MIDTIDE,42,-42.0952566666667,-63.9101216666667,,TG-7,Cesar,,no,25x25cm,,Workshop 2025
AP190044.jpg,2025-04-02,ARGENTINA,CHUBUT,PUERTO PIRAMIDES,SAN LORENZO,MIDTIDE,42,-42.0952583333333,-63.9101366666667,,TG-7,Cesar,,no,25x25cm,,Workshop 2025
AP190045.jpg,2025-04-02,ARGENTINA,CHUBUT,PUERTO PIRAMIDES,SAN LORENZO,MIDTIDE,42,-42.095215,-63.9102083333333,,TG-7,Cesar,,no,25x25cm,,Workshop 2025
AP190046.jpg,2025-04-02,ARGENTINA,CHUBUT,PUERTO PIRAMIDES,SAN LORENZO,MIDTIDE,42,-42.0951766666667,-63.91021,,TG-7,Cesar,,no,25x25cm,,Workshop 2025
AP190047.jpg,2025-04-02,ARGENTINA,CHUBUT,PUERTO PIRAMIDES,SAN LORENZO,MIDTIDE,42,-42.095155,-63.9102083333333,,TG-7,Cesar,,no,25x25cm,,Workshop 2025
AP190048.jpg,2025-04-02,ARGENTINA,CHUBUT,PUERTO PIRAMIDES,SAN LORENZO,MIDTIDE,42,-42.095155,-63.9102083333333,,TG-7,Cesar,,no,25x25cm,,Workshop 2025
AP190049.jpg,2025-04-02,ARGENTINA,CHUBUT,PUERTO PIRAMIDES,SAN LORENZO,MIDTIDE,42,-42.095135,-63.910255,,TG-7,Cesar,,no,25x25cm,,Workshop 2025
AP190050.jpg,2025-04-02,ARGENTINA,CHUBUT,PUERTO PIRAMIDES,SAN LORENZO,MIDTIDE,42,-42.0951233333333,-63.9102916666667,,TG-7,Cesar,,no,25x25cm,,Workshop 2025
AP190051.jpg,2025-04-02,ARGENTINA,CHUBUT,PUERTO PIRAMIDES,SAN LORENZO,MIDTIDE,42,-42.0951216666667,-63.9102983333333,,TG-7,Cesar,,no,25x25cm,,Workshop 2025
AP190052.jpg,2025-04-02,ARGENTINA,CHUBUT,PUERTO PIRAMIDES,SAN LORENZO,MIDTIDE,42,-42.0950733333333,-63.9103383333333,,TG-7,Cesar,,no,25x25cm,,Workshop 2025
AP190053.jpg,2025-04-02,ARGENTINA,CHUBUT,PUERTO PIRAMIDES,SAN LORENZO,MIDTIDE,42,-42.0950766666667,-63.9103433333333,,TG-7,Cesar,,no,25x25cm,,Workshop 2025
AP190054.jpg,2025-04-02,ARGENTINA,CHUBUT,PUERTO PIRAMIDES,SAN LORENZO,MIDTIDE,42,-42.0950766666667,-63.910345,,TG-7,Cesar,,no,25x25cm,,Workshop 2025
AP190055.jpg,2025-04-02,ARGENTINA,CHUBUT,PUERTO PIRAMIDES,SAN LORENZO,MIDTIDE,42,-42.0950933333333,-63.9103533333333,,TG-7,Cesar,,no,25x25cm,,Workshop 2025
AP190056.jpg,2025-04-02,ARGENTINA,CHUBUT,PUERTO PIRAMIDES,SAN LORENZO,MIDTIDE,42,-42.0951183333333,-63.91036,,TG-7,Cesar,,no,25x25cm,,Workshop 2025
AP190057.jpg,2025-04-02,ARGENTINA,CHUBUT,PUERTO PIRAMIDES,SAN LORENZO,MIDTIDE,42,-42.095135,-63.9103716666667,,TG-7,Cesar,,no,25x25cm,,Workshop 2025
AP190058.jpg,2025-04-02,ARGENTINA,CHUBUT,PUERTO PIRAMIDES,SAN LORENZO,MIDTIDE,42,-42.095135,-63.9103983333333,,TG-7,Cesar,,no,25x25cm,,Workshop 2025
AP190059.jpg,2025-04-02,ARGENTINA,CHUBUT,PUERTO PIRAMIDES,SAN LORENZO,LOWTIDE,42,-42.0951333333333,-63.9104133333333,,TG-7,Cesar,,no,25x25cm,,Workshop 2025
AP190060.jpg,2025-04-02,ARGENTINA,CHUBUT,PUERTO PIRAMIDES,SAN LORENZO,MIDTIDE,42,-42.0951033333333,-63.910415,,TG-7,Cesar,,no,25x25cm,,Workshop 2025
AP190061.jpg,2025-04-02,ARGENTINA,CHUBUT,PUERTO PIRAMIDES,SAN LORENZO,LOWTIDE,42,-42.0951033333333,-63.910415,,TG-7,Cesar,,no,25x25cm,,Workshop 2025
AP190062.jpg,2025-04-02,ARGENTINA,CHUBUT,PUERTO PIRAMIDES,SAN LORENZO,LOWTIDE,42,-42.0950916666667,-63.91042,,TG-7,Cesar,,no,25x25cm,,Workshop 2025
AP190063.jpg,2025-04-02,ARGENTINA,CHUBUT,PUERTO PIRAMIDES,SAN LORENZO,LOWTIDE,42,-42.0950783333333,-63.9104416666667,,TG-7,Cesar,,no,25x25cm,,Workshop 2025
AP190064.jpg,2025-04-02,ARGENTINA,CHUBUT,PUERTO PIRAMIDES,SAN LORENZO,LOWTIDE,42,-42.0950666666667,-63.9104366666667,,TG-7,Cesar,,no,25x25cm,,Workshop 2025
AP190065.jpg,2025-04-02,ARGENTINA,CHUBUT,PUERTO PIRAMIDES,SAN LORENZO,MIDTIDE,42,-42.09503,-63.9104183333333,,TG-7,Cesar,,no,25x25cm,,Workshop 2025
AP190066.jpg,2025-04-02,ARGENTINA,CHUBUT,PUERTO PIRAMIDES,SAN LORENZO,LOWTIDE,42,-42.0951066666667,-63.9105216666667,,TG-7,Cesar,,no,25x25cm,,Workshop 2025
AP190067.jpg,2025-04-02,ARGENTINA,CHUBUT,PUERTO PIRAMIDES,SAN LORENZO,MIDTIDE,42,-42.095155,-63.9105183333333,,TG-7,Cesar,,no,25x25cm,,Workshop 2025
AP190068.jpg,2025-04-02,ARGENTINA,CHUBUT,PUERTO PIRAMIDES,SAN LORENZO,LOWTIDE,42,-42.0951533333333,-63.9105366666667,,TG-7,Cesar,,no,25x25cm,,Workshop 2025
AP190069.jpg,2025-04-02,ARGENTINA,CHUBUT,PUERTO PIRAMIDES,SAN LORENZO,MIDTIDE,42,-42.0951533333333,-63.91053,,TG-7,Cesar,,no,25x25cm,,Workshop 2025
AP190070.jpg,2025-04-02,ARGENTINA,CHUBUT,PUERTO PIRAMIDES,SAN LORENZO,MIDTIDE,42,-42.095185,-63.910585,,TG-7,Cesar,,no,25x25cm,,Workshop 2025
AP190071.jpg,2025-04-02,ARGENTINA,CHUBUT,PUERTO PIRAMIDES,SAN LORENZO,MIDTIDE,42,-42.0951833333333,-63.9105866666667,,TG-7,Cesar,,no,25x25cm,,Workshop 2025
AP190072.jpg,2025-04-02,ARGENTINA,CHUBUT,PUERTO PIRAMIDES,SAN LORENZO,MIDTIDE,42,-42.0952733333333,-63.91066,,TG-7,Cesar,,no,25x25cm,,Workshop 2025
AP190073.jpg,2025-04-02,ARGENTINA,CHUBUT,PUERTO PIRAMIDES,SAN LORENZO,MIDTIDE,42,-42.0952733333333,-63.91066,,TG-7,Cesar,,no,25x25cm,,Workshop 2025
AP190074.jpg,2025-04-02,ARGENTINA,CHUBUT,PUERTO PIRAMIDES,SAN LORENZO,MIDTIDE,42,-42.0952783333333,-63.9106766666667,,TG-7,Cesar,,no,25x25cm,,Workshop 2025
AP190075.jpg,2025-04-02,ARGENTINA,CHUBUT,PUERTO PIRAMIDES,SAN LORENZO,MIDTIDE,42,-42.0953033333333,-63.910685,,TG-7,Cesar,,no,25x25cm,,Workshop 2025
AP190076.jpg,2025-04-02,ARGENTINA,CHUBUT,PUERTO PIRAMIDES,SAN LORENZO,LOWTIDE,42,-42.0953283333333,-63.9107316666667,,TG-7,Cesar,,no,25x25cm,,Workshop 2025
AP190077.jpg,2025-04-02,ARGENTINA,CHUBUT,PUERTO PIRAMIDES,SAN LORENZO,MIDTIDE,42,-42.095365,-63.9107566666667,,TG-7,Cesar,,no,25x25cm,,Workshop 2025
AP190078.jpg,2025-04-02,ARGENTINA,CHUBUT,PUERTO PIRAMIDES,SAN LORENZO,MIDTIDE,42,-42.0953633333333,-63.9107416666667,,TG-7,Cesar,,no,25x25cm,,Workshop 2025
AP190079.jpg,2025-04-02,ARGENTINA,CHUBUT,PUERTO PIRAMIDES,SAN LORENZO,MIDTIDE,42,-42.095375,-63.910665,,TG-7,Cesar,,no,25x25cm,,Workshop 2025
AP200011.jpg,2025-04-02,ARGENTINA,CHUBUT,PUERTO PIRAMIDES,SAN LORENZO,MIDTIDE,42,-42.0948416666667,-63.9093233333333,,TG-7,La Daana,,no,25x25cm,,Workshop 2025
AP200012.jpg,2025-04-02,ARGENTINA,CHUBUT,PUERTO PIRAMIDES,SAN LORENZO,MIDTIDE,42,-42.0948233333333,-63.9093166666667,,TG-7,La Daana,,no,25x25cm,,Workshop 2025
AP200013.jpg,2025-04-02,ARGENTINA,CHUBUT,PUERTO PIRAMIDES,SAN LORENZO,MIDTIDE,42,-42.09483,-63.9092783333333,,TG-7,La Daana,,no,25x25cm,,Workshop 2025
AP200014.jpg,2025-04-02,ARGENTINA,CHUBUT,PUERTO PIRAMIDES,SAN LORENZO,MIDTIDE,42,-42.094825,-63.9092383333333,,TG-7,La Daana,,no,25x25cm,,Workshop 2025
AP200015.jpg,2025-04-02,ARGENTINA,CHUBUT,PUERTO PIRAMIDES,SAN LORENZO,MIDTIDE,42,-42.0947966666667,-63.9092,,TG-7,La Daana,,no,25x25cm,,Workshop 2025
AP200016.jpg,2025-04-02,ARGENTINA,CHUBUT,PUERTO PIRAMIDES,SAN LORENZO,MIDTIDE,42,-42.094795,-63.9091616666667,,TG-7,La Daana,,no,25x25cm,,Workshop 2025
AP200017.jpg,2025-04-02,ARGENTINA,CHUBUT,PUERTO PIRAMIDES,SAN LORENZO,MIDTIDE,42,-42.0947983333333,-63.9091483333333,,TG-7,La Daana,,no,25x25cm,,Workshop 2025
AP200018.jpg,2025-04-02,ARGENTINA,CHUBUT,PUERTO PIRAMIDES,SAN LORENZO,MIDTIDE,42,-42.09479,-63.90914,,TG-7,La Daana,,no,25x25cm,,Workshop 2025
AP200019.jpg,2025-04-02,ARGENTINA,CHUBUT,PUERTO PIRAMIDES,SAN LORENZO,MIDTIDE,42,-42.0947883333333,-63.9091366666667,,TG-7,La Daana,,no,25x25cm,,Workshop 2025
AP200020.jpg,2025-04-02,ARGENTINA,CHUBUT,PUERTO PIRAMIDES,SAN LORENZO,MIDTIDE,42,-42.0947883333333,-63.9091366666667,,TG-7,La Daana,,no,25x25cm,,Workshop 2025
AP200021.jpg,2025-04-02,ARGENTINA,CHUBUT,PUERTO PIRAMIDES,SAN LORENZO,MIDTIDE,42,-42.094745,-63.9091,,TG-7,La Daana,,no,25x25cm,,Workshop 2025
AP200022.jpg,2025-04-02,ARGENTINA,CHUBUT,PUERTO PIRAMIDES,SAN LORENZO,MIDTIDE,42,-42.0947333333333,-63.9090916666667,,TG-7,La Daana,,no,25x25cm,,Workshop 2025
AP200023.jpg,2025-04-02,ARGENTINA,CHUBUT,PUERTO PIRAMIDES,SAN LORENZO,MIDTIDE,42,-42.0947283333333,-63.9090783333333,,TG-7,La Daana,,no,25x25cm,,Workshop 2025
AP200024.jpg,2025-04-02,ARGENTINA,CHUBUT,PUERTO PIRAMIDES,SAN LORENZO,MIDTIDE,42,-42.0947166666667,-63.90908,,TG-7,La Daana,,no,25x25cm,,Workshop 2025
AP200025.jpg,2025-04-02,ARGENTINA,CHUBUT,PUERTO PIRAMIDES,SAN LORENZO,MIDTIDE,42,-42.0947083333333,-63.9090733333333,,TG-7,La Daana,,no,25x25cm,,Workshop 2025
AP200026.jpg,2025-04-02,ARGENTINA,CHUBUT,PUERTO PIRAMIDES,SAN LORENZO,MIDTIDE,42,-42.0947016666667,-63.9090583333333,,TG-7,La Daana,,no,25x25cm,,Workshop 2025
AP200027.jpg,2025-04-02,ARGENTINA,CHUBUT,PUERTO PIRAMIDES,SAN LORENZO,MIDTIDE,42,-42.094695,-63.9090566666667,,TG-7,La Daana,,no,25x25cm,,Workshop 2025
AP200028.jpg,2025-04-02,ARGENTINA,CHUBUT,PUERTO PIRAMIDES,SAN LORENZO,MIDTIDE,42,-42.094695,-63.909055,,TG-7,La Daana,,no,25x25cm,,Workshop 2025
AP200029.jpg,2025-04-02,ARGENTINA,CHUBUT,PUERTO PIRAMIDES,SAN LORENZO,MIDTIDE,42,-42.0949866666667,-63.9093133333333,,TG-7,La Daana,,no,25x25cm,,Workshop 2025
AP200030.jpg,2025-04-02,ARGENTINA,CHUBUT,PUERTO PIRAMIDES,SAN LORENZO,MIDTIDE,42,-42.0949866666667,-63.9093166666667,,TG-7,La Daana,,no,25x25cm,,Workshop 2025
AP200031.jpg,2025-04-02,ARGENTINA,CHUBUT,PUERTO PIRAMIDES,SAN LORENZO,MIDTIDE,42,-42.09499,-63.9093766666667,,TG-7,La Daana,,no,25x25cm,,Workshop 2025
AP200032.jpg,2025-04-02,ARGENTINA,CHUBUT,PUERTO PIRAMIDES,SAN LORENZO,MIDTIDE,42,-42.0949616666667,-63.909365,,TG-7,La Daana,,no,25x25cm,,Workshop 2025
AP200033.jpg,2025-04-02,ARGENTINA,CHUBUT,PUERTO PIRAMIDES,SAN LORENZO,MIDTIDE,42,-42.0950616666667,-63.9095583333333,,TG-7,La Daana,,no,25x25cm,,Workshop 2025
AP200034.jpg,2025-04-02,ARGENTINA,CHUBUT,PUERTO PIRAMIDES,SAN LORENZO,MIDTIDE,42,-42.0952983333333,-63.9101033333333,,TG-7,La Daana,,no,25x25cm,,Workshop 2025
AP200035.jpg,2025-04-02,ARGENTINA,CHUBUT,PUERTO PIRAMIDES,SAN LORENZO,MIDTIDE,42,-42.0953183333333,-63.910095,,TG-7,La Daana,,no,25x25cm,,Workshop 2025
AP200036.jpg,2025-04-02,ARGENTINA,CHUBUT,PUERTO PIRAMIDES,SAN LORENZO,MIDTIDE,42,-42.095335,-63.9103016666667,,TG-7,La Daana,,no,25x25cm,,Workshop 2025
AP210009.jpg,2025-04-02,ARGENTINA,CHUBUT,PUERTO PIRAMIDES,SAN LORENZO,MIDTIDE,42,-42.0946933333333,-63.909285,,TG-7,Agusto,,no,25x25cm,,Workshop 2025
AP210010.jpg,2025-04-02,ARGENTINA,CHUBUT,PUERTO PIRAMIDES,SAN LORENZO,MIDTIDE,42,-42.0947333333333,-63.909325,,TG-7,Agusto,,no,25x25cm,,Workshop 2025
AP210011.jpg,2025-04-02,ARGENTINA,CHUBUT,PUERTO PIRAMIDES,SAN LORENZO,MIDTIDE,42,-42.09473,-63.909325,,TG-7,Agusto,,no,25x25cm,,Workshop 2025
AP210012.jpg,2025-04-02,ARGENTINA,CHUBUT,PUERTO PIRAMIDES,SAN LORENZO,MIDTIDE,42,-42.094755,-63.90937,,TG-7,Agusto,,no,25x25cm,,Workshop 2025
AP210013.jpg,2025-04-02,ARGENTINA,CHUBUT,PUERTO PIRAMIDES,SAN LORENZO,MIDTIDE,42,-42.094775,-63.90938,,TG-7,Agusto,,no,25x25cm,,Workshop 2025
AP210014.jpg,2025-04-02,ARGENTINA,CHUBUT,PUERTO PIRAMIDES,SAN LORENZO,MIDTIDE,42,-42.0948033333333,-63.9093566666667,,TG-7,Agusto,,no,25x25cm,,Workshop 2025
AP210015.jpg,2025-04-02,ARGENTINA,CHUBUT,PUERTO PIRAMIDES,SAN LORENZO,MIDTIDE,42,-42.0948233333333,-63.90941,,TG-7,Agusto,,no,25x25cm,,Workshop 2025
AP210016.jpg,2025-04-02,ARGENTINA,CHUBUT,PUERTO PIRAMIDES,SAN LORENZO,MIDTIDE,42,-42.0947716666667,-63.909435,,TG-7,Agusto,,no,25x25cm,,Workshop 2025
AP210017.jpg,2025-04-02,ARGENTINA,CHUBUT,PUERTO PIRAMIDES,SAN LORENZO,MIDTIDE,42,-42.09473,-63.9094483333333,,TG-7,Agusto,,no,25x25cm,,Workshop 2025
AP210018.jpg,2025-04-02,ARGENTINA,CHUBUT,PUERTO PIRAMIDES,SAN LORENZO,MIDTIDE,42,-42.0947233333333,-63.9094233333333,,TG-7,Agusto,,no,25x25cm,,Workshop 2025
AP210019.jpg,2025-04-02,ARGENTINA,CHUBUT,PUERTO PIRAMIDES,SAN LORENZO,MIDTIDE,42,-42.0947016666667,-63.909385,,TG-7,Agusto,,no,25x25cm,,Workshop 2025
AP210020.jpg,2025-04-02,ARGENTINA,CHUBUT,PUERTO PIRAMIDES,SAN LORENZO,MIDTIDE,42,-42.0946433333333,-63.9093383333333,,TG-7,Agusto,,no,25x25cm,,Workshop 2025
AP210021.jpg,2025-04-02,ARGENTINA,CHUBUT,PUERTO PIRAMIDES,SAN LORENZO,MIDTIDE,42,-42.0946566666667,-63.90931,,TG-7,Agusto,,no,25x25cm,,Workshop 2025
AP210022.jpg,2025-04-02,ARGENTINA,CHUBUT,PUERTO PIRAMIDES,SAN LORENZO,MIDTIDE,42,-42.0946983333333,-63.909285,,TG-7,Agusto,,no,25x25cm,,Workshop 2025
AP210023.jpg,2025-04-02,ARGENTINA,CHUBUT,PUERTO PIRAMIDES,SAN LORENZO,MIDTIDE,42,-42.094755,-63.9093283333333,,TG-7,Agusto,,no,25x25cm,,Workshop 2025
AP210024.jpg,2025-04-02,ARGENTINA,CHUBUT,PUERTO PIRAMIDES,SAN LORENZO,MIDTIDE,42,-42.0947516666667,-63.9093533333333,,TG-7,Agusto,,no,25x25cm,,Workshop 2025
AP210025.jpg,2025-04-02,ARGENTINA,CHUBUT,PUERTO PIRAMIDES,SAN LORENZO,MIDTIDE,42,-42.094755,-63.9092983333333,,TG-7,Agusto,,no,25x25cm,,Workshop 2025
AP210026.jpg,2025-04-02,ARGENTINA,CHUBUT,PUERTO PIRAMIDES,SAN LORENZO,MIDTIDE,42,-42.0947683333333,-63.9092266666667,,TG-7,Agusto,,no,25x25cm,,Workshop 2025
AP210027.jpg,2025-04-02,ARGENTINA,CHUBUT,PUERTO PIRAMIDES,SAN LORENZO,MIDTIDE,42,-42.0948033333333,-63.909205,,TG-7,Agusto,,no,25x25cm,,Workshop 2025
AP210028.jpg,2025-04-02,ARGENTINA,CHUBUT,PUERTO PIRAMIDES,SAN LORENZO,MIDTIDE,42,-42.0948216666667,-63.90921,,TG-7,Agusto,,no,25x25cm,,Workshop 2025
AP210029.jpg,2025-04-02,ARGENTINA,CHUBUT,PUERTO PIRAMIDES,SAN LORENZO,MIDTIDE,42,-42.094865,-63.909205,,TG-7,Agusto,,no,25x25cm,,Workshop 2025
AP210030.jpg,2025-04-02,ARGENTINA,CHUBUT,PUERTO PIRAMIDES,SAN LORENZO,MIDTIDE,42,-42.0948733333333,-63.9092083333333,,TG-7,Agusto,,no,25x25cm,,Workshop 2025
AP210031.jpg,2025-04-02,ARGENTINA,CHUBUT,PUERTO PIRAMIDES,SAN LORENZO,MIDTIDE,42,-42.09487,-63.9091883333333,,TG-7,Agusto,,no,25x25cm,,Workshop 2025
AP210032.jpg,2025-04-02,ARGENTINA,CHUBUT,PUERTO PIRAMIDES,SAN LORENZO,MIDTIDE,42,-42.0948433333333,-63.9091416666667,,TG-7,Agusto,,no,25x25cm,,Workshop 2025
AP210033.jpg,2025-04-02,ARGENTINA,CHUBUT,PUERTO PIRAMIDES,SAN LORENZO,MIDTIDE,42,-42.09485,-63.9091033333333,,TG-7,Agusto,,no,25x25cm,,Workshop 2025
AP210034.jpg,2025-04-02,ARGENTINA,CHUBUT,PUERTO PIRAMIDES,SAN LORENZO,MIDTIDE,42,-42.0948116666667,-63.909085,,TG-7,Agusto,,no,25x25cm,,Workshop 2025
AP210035.jpg,2025-04-02,ARGENTINA,CHUBUT,PUERTO PIRAMIDES,SAN LORENZO,MIDTIDE,42,-42.0947816666667,-63.9090233333333,,TG-7,Agusto,,no,25x25cm,,Workshop 2025
AP210036.jpg,2025-04-02,ARGENTINA,CHUBUT,PUERTO PIRAMIDES,SAN LORENZO,MIDTIDE,42,-42.09475,-63.9089666666667,,TG-7,Agusto,,no,25x25cm,,Workshop 2025
AP210037.jpg,2025-04-02,ARGENTINA,CHUBUT,PUERTO PIRAMIDES,SAN LORENZO,MIDTIDE,42,-42.094715,-63.9089483333333,,TG-7,Agusto,,no,25x25cm,,Workshop 2025
AP210038.jpg,2025-04-02,ARGENTINA,CHUBUT,PUERTO PIRAMIDES,SAN LORENZO,MIDTIDE,42,-42.0947333333333,-63.9089733333333,,TG-7,Agusto,,no,25x25cm,,Workshop 2025
AP210039.jpg,2025-04-02,ARGENTINA,CHUBUT,PUERTO PIRAMIDES,SAN LORENZO,MIDTIDE,42,-42.0947383333333,-63.9089616666667,,TG-7,Agusto,,no,25x25cm,,Workshop 2025
AP210040.jpg,2025-04-02,ARGENTINA,CHUBUT,PUERTO PIRAMIDES,SAN LORENZO,MIDTIDE,42,-42.0947366666667,-63.9089633333333,,TG-7,Agusto,,no,25x25cm,,Workshop 2025
AP210041.jpg,2025-04-02,ARGENTINA,CHUBUT,PUERTO PIRAMIDES,SAN LORENZO,MIDTIDE,42,-42.094735,-63.908965,,TG-7,Agusto,,no,25x25cm,,Workshop 2025
AP210042.jpg,2025-04-02,ARGENTINA,CHUBUT,PUERTO PIRAMIDES,SAN LORENZO,MIDTIDE,42,-42.094735,-63.9089666666667,,TG-7,Agusto,,no,25x25cm,,Workshop 2025
AP210043.jpg,2025-04-02,ARGENTINA,CHUBUT,PUERTO PIRAMIDES,SAN LORENZO,MIDTIDE,42,-42.0947133333333,-63.908985,,TG-7,Agusto,,no,25x25cm,,Workshop 2025
AP210044.jpg,2025-04-02,ARGENTINA,CHUBUT,PUERTO PIRAMIDES,SAN LORENZO,MIDTIDE,42,-42.0947016666667,-63.9089816666667,,TG-7,Agusto,,no,25x25cm,,Workshop 2025
AP210045.jpg,2025-04-02,ARGENTINA,CHUBUT,PUERTO PIRAMIDES,SAN LORENZO,MIDTIDE,42,-42.0947066666667,-63.908955,,TG-7,Agusto,,no,25x25cm,,Workshop 2025
AP210046.jpg,2025-04-02,ARGENTINA,CHUBUT,PUERTO PIRAMIDES,SAN LORENZO,MIDTIDE,42,-42.0947033333333,-63.90895,,TG-7,Agusto,,no,25x25cm,,Workshop 2025
AP210047.jpg,2025-04-02,ARGENTINA,CHUBUT,PUERTO PIRAMIDES,SAN LORENZO,MIDTIDE,42,-42.0947033333333,-63.908955,,TG-7,Agusto,,no,25x25cm,,Workshop 2025
AP210048.jpg,2025-04-02,ARGENTINA,CHUBUT,PUERTO PIRAMIDES,SAN LORENZO,MIDTIDE,42,-42.0946966666667,-63.9089433333333,,TG-7,Agusto,,no,25x25cm,,Workshop 2025
AP210049.jpg,2025-04-02,ARGENTINA,CHUBUT,PUERTO PIRAMIDES,SAN LORENZO,MIDTIDE,42,-42.094695,-63.9089233333333,,TG-7,Agusto,,no,25x25cm,,Workshop 2025
AP210050.jpg,2025-04-02,ARGENTINA,CHUBUT,PUERTO PIRAMIDES,SAN LORENZO,MIDTIDE,42,-42.094695,-63.9089233333333,,TG-7,Agusto,,no,25x25cm,,Workshop 2025
AP210051.jpg,2025-04-02,ARGENTINA,CHUBUT,PUERTO PIRAMIDES,SAN LORENZO,MIDTIDE,42,-42.0947016666667,-63.908915,,TG-7,Agusto,,no,25x25cm,,Workshop 2025
AP210052.jpg,2025-04-02,ARGENTINA,CHUBUT,PUERTO PIRAMIDES,SAN LORENZO,MIDTIDE,42,-42.0947033333333,-63.9089133333333,,TG-7,Agusto,,no,25x25cm,,Workshop 2025
AP210053.jpg,2025-04-02,ARGENTINA,CHUBUT,PUERTO PIRAMIDES,SAN LORENZO,MIDTIDE,42,-42.094835,-63.9091516666667,,TG-7,Agusto,,no,25x25cm,,Workshop 2025
AP210054.jpg,2025-04-02,ARGENTINA,CHUBUT,PUERTO PIRAMIDES,SAN LORENZO,MIDTIDE,42,-42.0948416666667,-63.909155,,TG-7,Agusto,,no,25x25cm,,Workshop 2025
AP210055.jpg,2025-04-02,ARGENTINA,CHUBUT,PUERTO PIRAMIDES,SAN LORENZO,MIDTIDE,42,-42.0948433333333,-63.9091583333333,,TG-7,Agusto,,no,25x25cm,,Workshop 2025
AP210056.jpg,2025-04-02,ARGENTINA,CHUBUT,PUERTO PIRAMIDES,SAN LORENZO,MIDTIDE,42,-42.09484,-63.9092766666667,,TG-7,Agusto,,no,25x25cm,,Workshop 2025
AP210057.jpg,2025-04-02,ARGENTINA,CHUBUT,PUERTO PIRAMIDES,SAN LORENZO,MIDTIDE,42,-42.0948516666667,-63.9092816666667,,TG-7,Agusto,,no,25x25cm,,Workshop 2025
AP210058.jpg,2025-04-02,ARGENTINA,CHUBUT,PUERTO PIRAMIDES,SAN LORENZO,MIDTIDE,42,-42.0948383333333,-63.9093416666667,,TG-7,Agusto,,no,25x25cm,,Workshop 2025
AP210059.jpg,2025-04-02,ARGENTINA,CHUBUT,PUERTO PIRAMIDES,SAN LORENZO,MIDTIDE,42,-42.09482,-63.9093366666667,,TG-7,Agusto,,no,25x25cm,,Workshop 2025
AP210060.jpg,2025-04-02,ARGENTINA,CHUBUT,PUERTO PIRAMIDES,SAN LORENZO,MIDTIDE,42,-42.0947833333333,-63.9093383333333,,TG-7,Agusto,,no,25x25cm,,Workshop 2025
AP210061.jpg,2025-04-02,ARGENTINA,CHUBUT,PUERTO PIRAMIDES,SAN LORENZO,MIDTIDE,42,-42.0947616666667,-63.9093133333333,,TG-7,Agusto,,no,25x25cm,,Workshop 2025
AP210062.jpg,2025-04-02,ARGENTINA,CHUBUT,PUERTO PIRAMIDES,SAN LORENZO,MIDTIDE,42,-42.0947316666667,-63.9093216666667,,TG-7,Agusto,,no,25x25cm,,Workshop 2025
AP210063.jpg,2025-04-02,ARGENTINA,CHUBUT,PUERTO PIRAMIDES,SAN LORENZO,MIDTIDE,42,-42.0947183333333,-63.9093633333333,,TG-7,Agusto,,no,25x25cm,,Workshop 2025
AP210066.jpg,2025-04-02,ARGENTINA,CHUBUT,PUERTO PIRAMIDES,SAN LORENZO,LOWTIDE,42,-42.0945683333333,-63.909545,,TG-7,Agusto,,no,25x25cm,,Workshop 2025
AP210067.jpg,2025-04-02,ARGENTINA,CHUBUT,PUERTO PIRAMIDES,SAN LORENZO,LOWTIDE,42,-42.0945566666667,-63.9095433333333,,TG-7,Agusto,,no,25x25cm,,Workshop 2025
AP210068.jpg,2025-04-02,ARGENTINA,CHUBUT,PUERTO PIRAMIDES,SAN LORENZO,LOWTIDE,42,-42.0945216666667,-63.9095683333333,,TG-7,Agusto,,no,25x25cm,,Workshop 2025
AP210069.jpg,2025-04-02,ARGENTINA,CHUBUT,PUERTO PIRAMIDES,SAN LORENZO,LOWTIDE,42,-42.0945183333333,-63.9096,,TG-7,Agusto,,no,25x25cm,,Workshop 2025
AP210070.jpg,2025-04-02,ARGENTINA,CHUBUT,PUERTO PIRAMIDES,SAN LORENZO,LOWTIDE,42,-42.09452,-63.9096166666667,,TG-7,Agusto,,no,25x25cm,,Workshop 2025
AP210071.jpg,2025-04-02,ARGENTINA,CHUBUT,PUERTO PIRAMIDES,SAN LORENZO,LOWTIDE,42,-42.09455,-63.9096416666667,,TG-7,Agusto,,no,25x25cm,,Workshop 2025
AP210072.jpg,2025-04-02,ARGENTINA,CHUBUT,PUERTO PIRAMIDES,SAN LORENZO,LOWTIDE,42,-42.0945566666667,-63.9096433333333,,TG-7,Agusto,,no,25x25cm,,Workshop 2025
AP210073.jpg,2025-04-02,ARGENTINA,CHUBUT,PUERTO PIRAMIDES,SAN LORENZO,LOWTIDE,42,-42.0945583333333,-63.9096433333333,,TG-7,Agusto,,no,25x25cm,,Workshop 2025
AP210074.jpg,2025-04-02,ARGENTINA,CHUBUT,PUERTO PIRAMIDES,SAN LORENZO,LOWTIDE,42,-42.0945433333333,-63.9096583333333,,TG-7,Agusto,,no,25x25cm,,Workshop 2025
AP210075.jpg,2025-04-02,ARGENTINA,CHUBUT,PUERTO PIRAMIDES,SAN LORENZO,LOWTIDE,42,-42.0945266666667,-63.9096733333333,,TG-7,Agusto,,no,25x25cm,,Workshop 2025
AP210076.jpg,2025-04-02,ARGENTINA,CHUBUT,PUERTO PIRAMIDES,SAN LORENZO,LOWTIDE,42,-42.09452,-63.9096783333333,,TG-7,Agusto,,no,25x25cm,,Workshop 2025
AP210077.jpg,2025-04-02,ARGENTINA,CHUBUT,PUERTO PIRAMIDES,SAN LORENZO,LOWTIDE,42,-42.0945166666667,-63.9096816666667,,TG-7,Agusto,,no,25x25cm,,Workshop 2025
AP210078.jpg,2025-04-02,ARGENTINA,CHUBUT,PUERTO PIRAMIDES,SAN LORENZO,LOWTIDE,42,-42.0945133333333,-63.90968,,TG-7,Agusto,,no,25x25cm,,Workshop 2025
AP210079.jpg,2025-04-02,ARGENTINA,CHUBUT,PUERTO PIRAMIDES,SAN LORENZO,LOWTIDE,42,-42.0945066666667,-63.9096783333333,,TG-7,Agusto,,no,25x25cm,,Workshop 2025
AP210080.jpg,2025-04-02,ARGENTINA,CHUBUT,PUERTO PIRAMIDES,SAN LORENZO,LOWTIDE,42,-42.0945016666667,-63.9096683333333,,TG-7,Agusto,,no,25x25cm,,Workshop 2025
AP210081.jpg,2025-04-02,ARGENTINA,CHUBUT,PUERTO PIRAMIDES,SAN LORENZO,LOWTIDE,42,-42.094495,-63.90966,,TG-7,Agusto,,no,25x25cm,,Workshop 2025
AP210082.jpg,2025-04-02,ARGENTINA,CHUBUT,PUERTO PIRAMIDES,SAN LORENZO,LOWTIDE,42,-42.0944833333333,-63.9096383333333,,TG-7,Agusto,,no,25x25cm,,Workshop 2025
AP210083.jpg,2025-04-02,ARGENTINA,CHUBUT,PUERTO PIRAMIDES,SAN LORENZO,LOWTIDE,42,-42.0944833333333,-63.9096366666667,,TG-7,Agusto,,no,25x25cm,,Workshop 2025
AP210084.jpg,2025-04-02,ARGENTINA,CHUBUT,PUERTO PIRAMIDES,SAN LORENZO,LOWTIDE,42,-42.0944833333333,-63.9096366666667,,TG-7,Agusto,,no,25x25cm,,Workshop 2025
AP210085.jpg,2025-04-02,ARGENTINA,CHUBUT,PUERTO PIRAMIDES,SAN LORENZO,LOWTIDE,42,-42.0944816666667,-63.909635,,TG-7,Agusto,,no,25x25cm,,Workshop 2025
AP210086.jpg,2025-04-02,ARGENTINA,CHUBUT,PUERTO PIRAMIDES,SAN LORENZO,LOWTIDE,42,-42.0944683333333,-63.9095966666667,,TG-7,Agusto,,no,25x25cm,,Workshop 2025
AP210087.jpg,2025-04-02,ARGENTINA,CHUBUT,PUERTO PIRAMIDES,SAN LORENZO,LOWTIDE,42,-42.0944583333333,-63.9095666666667,,TG-7,Agusto,,no,25x25cm,,Workshop 2025
AP210088.jpg,2025-04-02,ARGENTINA,CHUBUT,PUERTO PIRAMIDES,SAN LORENZO,LOWTIDE,42,-42.0944583333333,-63.909535,,TG-7,Agusto,,no,25x25cm,,Workshop 2025
AP210089.jpg,2025-04-02,ARGENTINA,CHUBUT,PUERTO PIRAMIDES,SAN LORENZO,LOWTIDE,42,-42.0944583333333,-63.9095233333333,,TG-7,Agusto,,no,25x25cm,,Workshop 2025
AP210090.jpg,2025-04-02,ARGENTINA,CHUBUT,PUERTO PIRAMIDES,SAN LORENZO,LOWTIDE,42,-42.094465,-63.9095066666667,,TG-7,Agusto,,no,25x25cm,,Workshop 2025
AP210091.jpg,2025-04-02,ARGENTINA,CHUBUT,PUERTO PIRAMIDES,SAN LORENZO,LOWTIDE,42,-42.094465,-63.909495,,TG-7,Agusto,,no,25x25cm,,Workshop 2025
AP210092.jpg,2025-04-02,ARGENTINA,CHUBUT,PUERTO PIRAMIDES,SAN LORENZO,LOWTIDE,42,-42.0944716666667,-63.90949,,TG-7,Agusto,,no,25x25cm,,Workshop 2025
AP210093.jpg,2025-04-02,ARGENTINA,CHUBUT,PUERTO PIRAMIDES,SAN LORENZO,LOWTIDE,42,-42.0944716666667,-63.909475,,TG-7,Agusto,,no,25x25cm,,Workshop 2025
AP210094.jpg,2025-04-02,ARGENTINA,CHUBUT,PUERTO PIRAMIDES,SAN LORENZO,LOWTIDE,42,-42.0944633333333,-63.9094583333333,,TG-7,Agusto,,no,25x25cm,,Workshop 2025
AP210095.jpg,2025-04-02,ARGENTINA,CHUBUT,PUERTO PIRAMIDES,SAN LORENZO,LOWTIDE,42,-42.0944633333333,-63.9094583333333,,TG-7,Agusto,,no,25x25cm,,Workshop 2025
AP210096.jpg,2025-04-02,ARGENTINA,CHUBUT,PUERTO PIRAMIDES,SAN LORENZO,LOWTIDE,42,-42.09446,-63.9094466666667,,TG-7,Agusto,,no,25x25cm,,Workshop 2025
AP210097.jpg,2025-04-02,ARGENTINA,CHUBUT,PUERTO PIRAMIDES,SAN LORENZO,LOWTIDE,42,-42.09451,-63.9093566666667,,TG-7,Agusto,,no,25x25cm,,Workshop 2025
AP210098.jpg,2025-04-02,ARGENTINA,CHUBUT,PUERTO PIRAMIDES,SAN LORENZO,LOWTIDE,42,-42.0945133333333,-63.909295,,TG-7,Agusto,,no,25x25cm,,Workshop 2025
AP210099.jpg,2025-04-02,ARGENTINA,CHUBUT,PUERTO PIRAMIDES,SAN LORENZO,LOWTIDE,42,-42.094515,-63.90928,,TG-7,Agusto,,no,25x25cm,,Workshop 2025
AP210100.jpg,2025-04-02,ARGENTINA,CHUBUT,PUERTO PIRAMIDES,SAN LORENZO,LOWTIDE,42,-42.094515,-63.90928,,TG-7,Agusto,,no,25x25cm,,Workshop 2025
AP210101.jpg,2025-04-02,ARGENTINA,CHUBUT,PUERTO PIRAMIDES,SAN LORENZO,LOWTIDE,42,-42.094515,-63.9092783333333,,TG-7,Agusto,,no,25x25cm,,Workshop 2025
AP210102.jpg,2025-04-02,ARGENTINA,CHUBUT,PUERTO PIRAMIDES,SAN LORENZO,LOWTIDE,42,-42.0945183333333,-63.909255,,TG-7,Agusto,,no,25x25cm,,Workshop 2025
AP210103.jpg,2025-04-02,ARGENTINA,CHUBUT,PUERTO PIRAMIDES,SAN LORENZO,LOWTIDE,42,-42.0945216666667,-63.9092333333333,,TG-7,Agusto,,no,25x25cm,,Workshop 2025
AP210104.jpg,2025-04-02,ARGENTINA,CHUBUT,PUERTO PIRAMIDES,SAN LORENZO,LOWTIDE,42,-42.09452,-63.9092216666667,,TG-7,Agusto,,no,25x25cm,,Workshop 2025
AP210105.jpg,2025-04-02,ARGENTINA,CHUBUT,PUERTO PIRAMIDES,SAN LORENZO,LOWTIDE,42,-42.094515,-63.9092133333333,,TG-7,Agusto,,no,25x25cm,,Workshop 2025
AP210106.jpg,2025-04-02,ARGENTINA,CHUBUT,PUERTO PIRAMIDES,SAN LORENZO,LOWTIDE,42,-42.0945033333333,-63.909195,,TG-7,Agusto,,no,25x25cm,,Workshop 2025
AP210107.jpg,2025-04-02,ARGENTINA,CHUBUT,PUERTO PIRAMIDES,SAN LORENZO,LOWTIDE,42,-42.0945033333333,-63.909195,,TG-7,Agusto,,no,25x25cm,,Workshop 2025
AP210108.jpg,2025-04-02,ARGENTINA,CHUBUT,PUERTO PIRAMIDES,SAN LORENZO,LOWTIDE,42,-42.0945016666667,-63.909185,,TG-7,Agusto,,no,25x25cm,,Workshop 2025
AP210109.jpg,2025-04-02,ARGENTINA,CHUBUT,PUERTO PIRAMIDES,SAN LORENZO,LOWTIDE,42,-42.0945033333333,-63.90916,,TG-7,Agusto,,no,25x25cm,,Workshop 2025
AP210110.jpg,2025-04-02,ARGENTINA,CHUBUT,PUERTO PIRAMIDES,SAN LORENZO,LOWTIDE,42,-42.0945083333333,-63.9091283333333,,TG-7,Agusto,,no,25x25cm,,Workshop 2025
AP210111.jpg,2025-04-02,ARGENTINA,CHUBUT,PUERTO PIRAMIDES,SAN LORENZO,LOWTIDE,42,-42.0945083333333,-63.9091283333333,,TG-7,Agusto,,no,25x25cm,,Workshop 2025
AP210112.jpg,2025-04-02,ARGENTINA,CHUBUT,PUERTO PIRAMIDES,SAN LORENZO,LOWTIDE,42,-42.0945116666667,-63.909105,,TG-7,Agusto,,no,25x25cm,,Workshop 2025
AP210113.jpg,2025-04-02,ARGENTINA,CHUBUT,PUERTO PIRAMIDES,SAN LORENZO,LOWTIDE,42,-42.0945366666667,-63.9090983333333,,TG-7,Agusto,,no,25x25cm,,Workshop 2025
AP210114.jpg,2025-04-02,ARGENTINA,CHUBUT,PUERTO PIRAMIDES,SAN LORENZO,LOWTIDE,42,-42.0945366666667,-63.9090983333333,,TG-7,Agusto,,no,25x25cm,,Workshop 2025
AP230008.jpg,2025-04-02,ARGENTINA,CHUBUT,PUERTO PIRAMIDES,SAN LORENZO,MIDTIDE,42,-42.09473,-63.9089283333333,,TG-7,Lincey,,no,25x25cm,,Workshop 2025
AP230009.jpg,2025-04-02,ARGENTINA,CHUBUT,PUERTO PIRAMIDES,SAN LORENZO,MIDTIDE,42,-42.0947866666667,-63.9089,,TG-7,Lincey,,no,25x25cm,,Workshop 2025
AP230010.jpg,2025-04-02,ARGENTINA,CHUBUT,PUERTO PIRAMIDES,SAN LORENZO,MIDTIDE,42,-42.0947233333333,-63.9089366666667,,TG-7,Lincey,,no,25x25cm,,Workshop 2025
AP230011.jpg,2025-04-02,ARGENTINA,CHUBUT,PUERTO PIRAMIDES,SAN LORENZO,MIDTIDE,42,-42.09471,-63.9089516666667,,TG-7,Lincey,,no,25x25cm,,Workshop 2025
AP230012.jpg,2025-04-02,ARGENTINA,CHUBUT,PUERTO PIRAMIDES,SAN LORENZO,MIDTIDE,42,-42.09471,-63.908965,,TG-7,Lincey,,no,25x25cm,,Workshop 2025
AP230013.jpg,2025-04-02,ARGENTINA,CHUBUT,PUERTO PIRAMIDES,SAN LORENZO,MIDTIDE,42,-42.0947083333333,-63.9089683333333,,TG-7,Lincey,,no,25x25cm,,Workshop 2025
AP230015.jpg,2025-04-02,ARGENTINA,CHUBUT,PUERTO PIRAMIDES,SAN LORENZO,LOWTIDE,42,-42.094775,-63.909,,TG-7,Lincey,,no,25x25cm,,Workshop 2025
AP230016.jpg,2025-04-02,ARGENTINA,CHUBUT,PUERTO PIRAMIDES,SAN LORENZO,LOWTIDE,42,-42.09477,-63.9090066666667,,TG-7,Lincey,,no,25x25cm,,Workshop 2025
AP230017.jpg,2025-04-02,ARGENTINA,CHUBUT,PUERTO PIRAMIDES,SAN LORENZO,LOWTIDE,42,-42.0947783333333,-63.9089566666667,,TG-7,Lincey,,no,25x25cm,,Workshop 2025
AP230018.jpg,2025-04-02,ARGENTINA,CHUBUT,PUERTO PIRAMIDES,SAN LORENZO,LOWTIDE,42,-42.0946933333333,-63.9089583333333,,TG-7,Lincey,,no,25x25cm,,Workshop 2025
AP230019.jpg,2025-04-02,ARGENTINA,CHUBUT,PUERTO PIRAMIDES,SAN LORENZO,LOWTIDE,42,-42.094705,-63.9089483333333,,TG-7,Lincey,,no,25x25cm,,Workshop 2025
AP230021.jpg,2025-04-02,ARGENTINA,CHUBUT,PUERTO PIRAMIDES,SAN LORENZO,MIDTIDE,42,-42.0947066666667,-63.909035,,TG-7,Lincey,,no,25x25cm,,Workshop 2025
AP230022.jpg,2025-04-02,ARGENTINA,CHUBUT,PUERTO PIRAMIDES,SAN LORENZO,MIDTIDE,42,-42.094685,-63.90903,,TG-7,Lincey,,no,25x25cm,,Workshop 2025
AP230023.jpg,2025-04-02,ARGENTINA,CHUBUT,PUERTO PIRAMIDES,SAN LORENZO,MIDTIDE,42,-42.0946466666667,-63.9090166666667,,TG-7,Lincey,,no,25x25cm,,Workshop 2025
AP230024.jpg,2025-04-02,ARGENTINA,CHUBUT,PUERTO PIRAMIDES,SAN LORENZO,MIDTIDE,42,-42.0946483333333,-63.9090566666667,,TG-7,Lincey,,no,25x25cm,,Workshop 2025
AP230025.jpg,2025-04-02,ARGENTINA,CHUBUT,PUERTO PIRAMIDES,SAN LORENZO,MIDTIDE,42,-42.0946433333333,-63.9090933333333,,TG-7,Lincey,,no,25x25cm,,Workshop 2025
AP230026.jpg,2025-04-02,ARGENTINA,CHUBUT,PUERTO PIRAMIDES,SAN LORENZO,MIDTIDE,42,-42.0946466666667,-63.909105,,TG-7,Lincey,,no,25x25cm,,Workshop 2025
AP230027.jpg,2025-04-02,ARGENTINA,CHUBUT,PUERTO PIRAMIDES,SAN LORENZO,MIDTIDE,42,-42.09465,-63.909165,,TG-7,Lincey,,no,25x25cm,,Workshop 2025
AP230028.jpg,2025-04-02,ARGENTINA,CHUBUT,PUERTO PIRAMIDES,SAN LORENZO,MIDTIDE,42,-42.094635,-63.9091916666667,,TG-7,Lincey,,no,25x25cm,,Workshop 2025
AP230029.jpg,2025-04-02,ARGENTINA,CHUBUT,PUERTO PIRAMIDES,SAN LORENZO,MIDTIDE,42,-42.0946283333333,-63.9092066666667,,TG-7,Lincey,,no,25x25cm,,Workshop 2025
AP230030.jpg,2025-04-02,ARGENTINA,CHUBUT,PUERTO PIRAMIDES,SAN LORENZO,MIDTIDE,42,-42.0946333333333,-63.9092483333333,,TG-7,Lincey,,no,25x25cm,,Workshop 2025
AP230031.jpg,2025-04-02,ARGENTINA,CHUBUT,PUERTO PIRAMIDES,SAN LORENZO,MIDTIDE,42,-42.0946733333333,-63.9092883333333,,TG-7,Lincey,,no,25x25cm,,Workshop 2025
AP230032.jpg,2025-04-02,ARGENTINA,CHUBUT,PUERTO PIRAMIDES,SAN LORENZO,MIDTIDE,42,-42.0946816666667,-63.90932,,TG-7,Lincey,,no,25x25cm,,Workshop 2025
AP230033.jpg,2025-04-02,ARGENTINA,CHUBUT,PUERTO PIRAMIDES,SAN LORENZO,MIDTIDE,42,-42.0946716666667,-63.909325,,TG-7,Lincey,,no,25x25cm,,Workshop 2025
AP230035.jpg,2025-04-02,ARGENTINA,CHUBUT,PUERTO PIRAMIDES,SAN LORENZO,LOWTIDE,42,-42.094575,-63.9093666666667,,TG-7,Lincey,,no,25x25cm,,Workshop 2025
AP230036.jpg,2025-04-02,ARGENTINA,CHUBUT,PUERTO PIRAMIDES,SAN LORENZO,LOWTIDE,42,-42.0945666666667,-63.909345,,TG-7,Lincey,,no,25x25cm,,Workshop 2025
AP230037.jpg,2025-04-02,ARGENTINA,CHUBUT,PUERTO PIRAMIDES,SAN LORENZO,LOWTIDE,42,-42.0945116666667,-63.90932,,TG-7,Lincey,,no,25x25cm,,Workshop 2025
AP230038.jpg,2025-04-02,ARGENTINA,CHUBUT,PUERTO PIRAMIDES,SAN LORENZO,LOWTIDE,42,-42.0944983333333,-63.909275,,TG-7,Lincey,,no,25x25cm,,Workshop 2025
AP230039.jpg,2025-04-02,ARGENTINA,CHUBUT,PUERTO PIRAMIDES,SAN LORENZO,LOWTIDE,42,-42.0945133333333,-63.909225,,TG-7,Lincey,,no,25x25cm,,Workshop 2025
AP230040.jpg,2025-04-02,ARGENTINA,CHUBUT,PUERTO PIRAMIDES,SAN LORENZO,LOWTIDE,42,-42.0945216666667,-63.9091733333333,,TG-7,Lincey,,no,25x25cm,,Workshop 2025
AP230041.jpg,2025-04-02,ARGENTINA,CHUBUT,PUERTO PIRAMIDES,SAN LORENZO,LOWTIDE,42,-42.0945016666667,-63.909105,,TG-7,Lincey,,no,25x25cm,,Workshop 2025
AP230042.jpg,2025-04-02,ARGENTINA,CHUBUT,PUERTO PIRAMIDES,SAN LORENZO,LOWTIDE,42,-42.0945266666667,-63.9090716666667,,TG-7,Lincey,,no,25x25cm,,Workshop 2025
AP230043.jpg,2025-04-02,ARGENTINA,CHUBUT,PUERTO PIRAMIDES,SAN LORENZO,LOWTIDE,42,-42.094535,-63.9090733333333,,TG-7,Lincey,,no,25x25cm,,Workshop 2025
AP230044.jpg,2025-04-02,ARGENTINA,CHUBUT,PUERTO PIRAMIDES,SAN LORENZO,LOWTIDE,42,-42.0945083333333,-63.909095,,TG-7,Lincey,,no,25x25cm,,Workshop 2025
AP230045.jpg,2025-04-02,ARGENTINA,CHUBUT,PUERTO PIRAMIDES,SAN LORENZO,LOWTIDE,42,-42.0944933333333,-63.90921,,TG-7,Lincey,,no,25x25cm,,Workshop 2025
AP230046.jpg,2025-04-02,ARGENTINA,CHUBUT,PUERTO PIRAMIDES,SAN LORENZO,LOWTIDE,42,-42.0944766666667,-63.9092216666667,,TG-7,Lincey,,no,25x25cm,,Workshop 2025
AP230047.jpg,2025-04-02,ARGENTINA,CHUBUT,PUERTO PIRAMIDES,SAN LORENZO,LOWTIDE,42,-42.0945033333333,-63.9092583333333,,TG-7,Lincey,,no,25x25cm,,Workshop 2025
