Image ID,Image name,Annotation status,Points,BRY,CNCA,CNTR,CRB,MOB,MOG,SP,WPOT,SC,Unc,MAA,MAEC,MAEF,MAEN,MAF,MAG,MALA,MALCB,MAS
5207580,AP103798.jpg,Unconfirmed,100,0.000,0.000,0.000,0.000,17.000,0.000,0.000,0.000,0.000,0.000,3.000,1.000,0.000,0.000,1.000,0.000,0.000,0.000,78.000
5207581,AP103799.jpg,Unconfirmed,100,0.000,0.000,0.000,0.000,55.000,0.000,0.000,0.000,0.000,0.000,2.000,0.000,0.000,0.000,2.000,0.000,0.000,0.000,41.000
5207579,AP103800.jpg,Unconfirmed,100,0.000,0.000,0.000,0.000,9.000,0.000,0.000,0.000,0.000,0.000,20.000,1.000,0.000,0.000,15.000,0.000,0.000,0.000,55.000
5207578,AP103801.jpg,Unconfirmed,100,0.000,0.000,0.000,0.000,6.000,0.000,0.000,0.000,0.000,0.000,29.000,1.000,0.000,0.000,17.000,0.000,0.000,0.000,47.000
5207577,AP103802.jpg,Unconfirmed,100,0.000,0.000,0.000,0.000,26.000,0.000,0.000,0.000,1.000,0.000,21.000,2.000,0.000,0.000,11.000,0.000,0.000,0.000,39.000
5207575,AP103803.jpg,Unconfirmed,100,0.000,0.000,0.000,0.000,48.000,0.000,0.000,0.000,1.000,0.000,8.000,2.000,0.000,0.000,2.000,0.000,0.000,0.000,39.000
5207573,AP103804.jpg,Unconfirmed,100,0.000,0.000,0.000,0.000,47.000,0.000,0.000,0.000,0.000,0.000,5.000,0.000,0.000,0.000,7.000,0.000,0.000,0.000,41.000
5207571,AP103805.jpg,Unconfirmed,100,0.000,0.000,0.000,0.000,54.000,0.000,0.000,0.000,0.000,0.000,13.000,0.000,0.000,0.000,15.000,0.000,0.000,0.000,18.000
5207569,AP103806.jpg,Unconfirmed,100,0.000,0.000,0.000,0.000,32.000,0.000,0.000,0.000,0.000,0.000,4.000,1.000,0.000,0.000,8.000,0.000,0.000,0.000,55.000
5207568,AP103807.jpg,Unconfirmed,100,0.000,0.000,0.000,0.000,47.000,0.000,0.000,0.000,0.000,0.000,18.000,0.000,0.000,0.000,8.000,0.000,0.000,0.000,27.000
5207566,AP103808.jpg,Unconfirmed,100,0.000,0.000,0.000,0.000,53.000,0.000,0.000,0.000,1.000,0.000,13.000,0.000,0.000,0.000,14.000,0.000,0.000,0.000,19.000
5207562,AP103810.jpg,Unconfirmed,100,0.000,0.000,0.000,0.000,56.000,0.000,0.000,0.000,1.000,0.000,18.000,1.000,0.000,0.000,8.000,0.000,0.000,0.000,16.000
5207559,AP103811.jpg,Unconfirmed,100,0.000,0.000,0.000,0.000,40.000,0.000,0.000,0.000,0.000,0.000,22.000,2.000,0.000,0.000,12.000,0.000,0.000,0.000,24.000
5207557,AP103812.jpg,Unconfirmed,100,0.000,0.000,0.000,0.000,43.000,0.000,0.000,0.000,0.000,0.000,9.000,0.000,0.000,0.000,4.000,0.000,0.000,0.000,44.000
5207555,AP103813.jpg,Unconfirmed,100,0.000,0.000,0.000,0.000,43.000,0.000,0.000,0.000,1.000,0.000,27.000,1.000,0.000,0.000,14.000,0.000,0.000,0.000,14.000
5207549,AP103814.jpg,Unconfirmed,100,0.000,0.000,0.000,0.000,49.000,0.000,0.000,0.000,1.000,0.000,6.000,1.000,0.000,0.000,2.000,0.000,0.000,0.000,41.000
5207545,AP103815.jpg,Unconfirmed,100,0.000,0.000,0.000,0.000,72.000,0.000,0.000,0.000,0.000,0.000,16.000,0.000,0.000,1.000,2.000,0.000,0.000,0.000,9.000
5207541,AP103817.jpg,Unconfirmed,100,0.000,0.000,0.000,0.000,58.000,0.000,0.000,0.000,0.000,0.000,16.000,0.000,0.000,0.000,6.000,0.000,0.000,0.000,20.000
5207538,AP103818.jpg,Unconfirmed,100,0.000,0.000,0.000,0.000,10.000,0.000,0.000,0.000,0.000,0.000,8.000,1.000,0.000,0.000,8.000,0.000,0.000,0.000,73.000
5207535,AP103819.jpg,Unconfirmed,100,0.000,0.000,0.000,0.000,24.000,0.000,0.000,0.000,1.000,0.000,11.000,0.000,0.000,0.000,5.000,0.000,0.000,0.000,59.000
5207532,AP103820.jpg,Unconfirmed,100,0.000,0.000,0.000,0.000,44.000,0.000,0.000,0.000,1.000,0.000,5.000,0.000,0.000,0.000,8.000,0.000,0.000,0.000,42.000
5207528,AP103821.jpg,Unconfirmed,100,0.000,0.000,0.000,0.000,63.000,0.000,0.000,0.000,0.000,0.000,7.000,0.000,0.000,0.000,3.000,0.000,0.000,0.000,27.000
5207525,AP103822.jpg,Unconfirmed,100,0.000,0.000,0.000,0.000,69.000,0.000,0.000,0.000,0.000,0.000,5.000,0.000,0.000,0.000,0.000,0.000,0.000,0.000,26.000
5207524,AP103823.jpg,Unconfirmed,100,0.000,0.000,0.000,0.000,59.000,0.000,0.000,0.000,0.000,0.000,6.000,0.000,0.000,0.000,4.000,0.000,0.000,0.000,31.000
5207519,AP103824.jpg,Unconfirmed,100,0.000,0.000,0.000,0.000,10.000,0.000,0.000,0.000,2.000,0.000,32.000,1.000,0.000,1.000,22.000,0.000,0.000,0.000,32.000
5207517,AP103825.jpg,Unconfirmed,100,0.000,0.000,0.000,0.000,25.000,0.000,0.000,0.000,2.000,0.000,5.000,0.000,0.000,0.000,19.000,0.000,0.000,0.000,49.000
5207516,AP103826.jpg,Unconfirmed,100,0.000,0.000,0.000,0.000,22.000,0.000,0.000,0.000,0.000,0.000,31.000,2.000,0.000,0.000,4.000,0.000,0.000,0.000,41.000
5207511,AP103827.jpg,Unconfirmed,100,0.000,0.000,0.000,0.000,26.000,0.000,0.000,0.000,0.000,0.000,44.000,3.000,0.000,0.000,14.000,0.000,0.000,0.000,13.000
5207455,AP103830.jpg,Unconfirmed,100,0.000,0.000,0.000,0.000,20.000,0.000,0.000,0.000,0.000,0.000,13.000,2.000,0.000,0.000,45.000,0.000,0.000,0.000,20.000
5207453,AP103831.jpg,Unconfirmed,100,0.000,0.000,0.000,0.000,44.000,0.000,0.000,0.000,4.000,0.000,4.000,0.000,0.000,0.000,4.000,0.000,0.000,0.000,44.000
5207450,AP103832.jpg,Unconfirmed,100,0.000,0.000,0.000,0.000,43.000,0.000,0.000,0.000,1.000,0.000,14.000,1.000,0.000,0.000,20.000,0.000,0.000,0.000,21.000
5207446,AP103833.jpg,Unconfirmed,100,0.000,0.000,0.000,0.000,26.000,0.000,0.000,0.000,11.000,0.000,4.000,0.000,0.000,0.000,18.000,0.000,0.000,0.000,41.000
5207440,AP103834.jpg,Unconfirmed,100,0.000,0.000,0.000,0.000,14.000,0.000,0.000,0.000,0.000,0.000,0.000,0.000,0.000,0.000,2.000,0.000,0.000,0.000,84.000
5207437,AP103835.jpg,Unconfirmed,100,0.000,0.000,0.000,2.000,43.000,0.000,0.000,0.000,5.000,0.000,1.000,0.000,0.000,0.000,11.000,0.000,0.000,0.000,38.000
5207435,AP103837.jpg,Unconfirmed,100,0.000,0.000,0.000,0.000,0.000,0.000,0.000,0.000,15.000,0.000,1.000,0.000,0.000,3.000,56.000,0.000,0.000,0.000,25.000
5207427,AP103838.jpg,Unconfirmed,100,0.000,0.000,0.000,1.000,5.000,0.000,0.000,0.000,11.000,0.000,2.000,0.000,0.000,0.000,51.000,0.000,0.000,0.000,30.000
5207418,AP103839.jpg,Unconfirmed,100,0.000,0.000,0.000,0.000,13.000,0.000,0.000,0.000,19.000,0.000,2.000,0.000,0.000,6.000,52.000,0.000,0.000,0.000,8.000
5207416,AP103840.jpg,Unconfirmed,100,0.000,0.000,0.000,1.000,58.000,0.000,0.000,0.000,20.000,0.000,1.000,0.000,0.000,1.000,14.000,0.000,0.000,0.000,5.000
5207412,AP103841.jpg,Unconfirmed,100,0.000,0.000,0.000,1.000,4.000,0.000,0.000,0.000,36.000,0.000,2.000,0.000,0.000,8.000,42.000,0.000,0.000,0.000,7.000
5207406,AP103842.jpg,Unconfirmed,100,0.000,0.000,0.000,0.000,32.000,0.000,0.000,0.000,10.000,0.000,1.000,0.000,0.000,1.000,23.000,0.000,0.000,0.000,33.000
5207405,AP103843.jpg,Unconfirmed,100,0.000,0.000,0.000,6.000,53.000,0.000,0.000,0.000,4.000,0.000,2.000,0.000,0.000,0.000,14.000,0.000,0.000,0.000,21.000
5207396,AP103844.jpg,Unconfirmed,100,0.000,0.000,0.000,0.000,78.000,0.000,0.000,0.000,5.000,0.000,3.000,0.000,0.000,0.000,1.000,0.000,0.000,0.000,13.000
5207392,AP103845.jpg,Unconfirmed,100,0.000,0.000,0.000,0.000,74.000,0.000,0.000,0.000,3.000,0.000,1.000,0.000,0.000,0.000,16.000,0.000,0.000,0.000,6.000
5207377,AP103846.jpg,Unconfirmed,100,0.000,0.000,0.000,0.000,86.000,0.000,0.000,0.000,3.000,0.000,3.000,0.000,0.000,0.000,1.000,0.000,0.000,0.000,7.000
5207375,AP103847.jpg,Unconfirmed,100,0.000,0.000,0.000,0.000,49.000,0.000,0.000,0.000,2.000,0.000,5.000,2.000,0.000,0.000,19.000,0.000,0.000,0.000,23.000
5207369,AP103848.jpg,Unconfirmed,100,0.000,0.000,0.000,0.000,50.000,0.000,0.000,0.000,0.000,0.000,2.000,0.000,0.000,0.000,48.000,0.000,0.000,0.000,0.000
5207366,AP103849.jpg,Unconfirmed,100,0.000,0.000,0.000,0.000,73.000,0.000,0.000,0.000,2.000,0.000,2.000,2.000,0.000,0.000,20.000,0.000,0.000,0.000,1.000
5207365,AP103850.jpg,Unconfirmed,100,0.000,0.000,0.000,1.000,4.000,0.000,0.000,0.000,2.000,0.000,8.000,0.000,0.000,0.000,7.000,0.000,0.000,0.000,78.000
5207363,AP103851.jpg,Unconfirmed,100,0.000,0.000,0.000,1.000,37.000,0.000,0.000,0.000,4.000,0.000,11.000,0.000,0.000,0.000,10.000,0.000,0.000,0.000,37.000
5207350,AP103853.jpg,Unconfirmed,100,0.000,0.000,0.000,0.000,0.000,0.000,0.000,0.000,4.000,0.000,52.000,0.000,0.000,0.000,2.000,0.000,0.000,0.000,42.000
5207348,AP103854.jpg,Unconfirmed,100,0.000,0.000,0.000,0.000,4.000,0.000,0.000,0.000,6.000,0.000,53.000,2.000,0.000,2.000,0.000,0.000,0.000,0.000,33.000
5207346,AP103855.jpg,Unconfirmed,100,0.000,0.000,0.000,0.000,59.000,0.000,0.000,0.000,4.000,0.000,14.000,2.000,0.000,0.000,3.000,0.000,0.000,0.000,18.000
5207338,AP103856.jpg,Unconfirmed,100,0.000,0.000,0.000,0.000,15.000,0.000,0.000,0.000,2.000,0.000,53.000,0.000,0.000,8.000,0.000,0.000,0.000,0.000,22.000
5207334,AP103857.jpg,Unconfirmed,100,0.000,0.000,0.000,0.000,3.000,0.000,0.000,0.000,6.000,0.000,76.000,2.000,0.000,2.000,0.000,0.000,0.000,0.000,11.000
5207332,AP103858.jpg,Unconfirmed,100,0.000,0.000,0.000,0.000,0.000,0.000,0.000,0.000,4.000,0.000,69.000,0.000,0.000,3.000,0.000,0.000,0.000,0.000,24.000
5207330,AP103859.jpg,Unconfirmed,100,0.000,0.000,0.000,0.000,0.000,0.000,0.000,0.000,0.000,0.000,66.000,0.000,0.000,0.000,0.000,0.000,0.000,0.000,34.000
5207326,AP103860.jpg,Unconfirmed,100,0.000,0.000,0.000,0.000,13.000,0.000,0.000,0.000,3.000,0.000,45.000,0.000,0.000,1.000,5.000,0.000,0.000,0.000,33.000
5207325,AP103861.jpg,Unconfirmed,100,0.000,0.000,0.000,0.000,2.000,0.000,0.000,0.000,1.000,0.000,60.000,0.000,0.000,0.000,2.000,0.000,0.000,0.000,35.000
5207323,AP103862.jpg,Unconfirmed,100,0.000,0.000,0.000,0.000,0.000,0.000,0.000,0.000,1.000,0.000,46.000,1.000,0.000,0.000,5.000,0.000,0.000,0.000,47.000
5207574,AP190002.jpg,Unconfirmed,100,0.000,0.000,0.000,0.000,56.000,0.000,0.000,0.000,3.000,0.000,7.000,0.000,0.000,0.000,22.000,0.000,0.000,0.000,12.000
5207572,AP190003.jpg,Unconfirmed,100,0.000,0.000,0.000,0.000,50.000,0.000,0.000,0.000,0.000,0.000,3.000,0.000,0.000,0.000,6.000,0.000,0.000,0.000,41.000
5207570,AP190004.jpg,Unconfirmed,100,0.000,0.000,0.000,2.000,42.000,0.000,0.000,0.000,6.000,0.000,0.000,0.000,0.000,0.000,8.000,0.000,0.000,0.000,42.000
5207567,AP190005.jpg,Unconfirmed,100,0.000,0.000,0.000,0.000,50.000,0.000,0.000,0.000,0.000,0.000,2.000,0.000,0.000,0.000,25.000,0.000,0.000,0.000,23.000
5207565,AP190006.jpg,Unconfirmed,100,0.000,0.000,0.000,0.000,45.000,0.000,0.000,0.000,0.000,0.000,14.000,0.000,0.000,0.000,23.000,0.000,0.000,0.000,18.000
5207561,AP190007.jpg,Unconfirmed,100,0.000,0.000,0.000,0.000,73.000,0.000,0.000,0.000,1.000,0.000,2.000,1.000,0.000,0.000,8.000,0.000,0.000,0.000,15.000
5207556,AP190008.jpg,Unconfirmed,100,0.000,0.000,0.000,0.000,42.000,0.000,0.000,0.000,0.000,0.000,2.000,0.000,0.000,0.000,20.000,0.000,0.000,0.000,36.000
5207553,AP190009.jpg,Unconfirmed,100,0.000,0.000,0.000,0.000,46.000,0.000,0.000,0.000,0.000,0.000,8.000,0.000,0.000,0.000,14.000,0.000,0.000,0.000,32.000
5207552,AP190010.jpg,Unconfirmed,100,0.000,0.000,0.000,0.000,42.000,0.000,0.000,0.000,0.000,0.000,7.000,0.000,0.000,0.000,28.000,0.000,0.000,0.000,23.000
5207550,AP190011.jpg,Unconfirmed,100,0.000,0.000,0.000,0.000,25.000,0.000,0.000,0.000,0.000,0.000,1.000,0.000,0.000,0.000,10.000,0.000,0.000,0.000,64.000
5207548,AP190012.jpg,Unconfirmed,100,0.000,0.000,0.000,0.000,40.000,0.000,0.000,0.000,0.000,0.000,13.000,0.000,0.000,0.000,4.000,0.000,0.000,0.000,43.000
5207547,AP190013.jpg,Unconfirmed,100,0.000,0.000,0.000,0.000,33.000,0.000,0.000,0.000,0.000,0.000,4.000,0.000,0.000,0.000,21.000,0.000,0.000,0.000,42.000
5207544,AP190014.jpg,Unconfirmed,100,0.000,0.000,0.000,0.000,52.000,0.000,0.000,0.000,0.000,0.000,2.000,0.000,0.000,0.000,11.000,0.000,0.000,0.000,35.000
5207539,AP190015.jpg,Unconfirmed,100,0.000,0.000,0.000,0.000,96.000,0.000,0.000,0.000,0.000,0.000,0.000,0.000,0.000,0.000,0.000,0.000,0.000,0.000,4.000
5207530,AP190016.jpg,Unconfirmed,100,0.000,0.000,0.000,0.000,59.000,0.000,0.000,0.000,0.000,0.000,2.000,0.000,0.000,0.000,5.000,0.000,0.000,0.000,34.000
5207526,AP190017.jpg,Unconfirmed,100,0.000,0.000,0.000,1.000,71.000,0.000,0.000,0.000,0.000,0.000,1.000,0.000,0.000,0.000,4.000,0.000,0.000,0.000,23.000
5207522,AP190018.jpg,Unconfirmed,100,0.000,0.000,0.000,0.000,46.000,0.000,0.000,0.000,1.000,0.000,2.000,0.000,0.000,0.000,4.000,0.000,0.000,0.000,47.000
5207515,AP190019.jpg,Unconfirmed,100,0.000,0.000,0.000,0.000,35.000,0.000,0.000,0.000,2.000,0.000,2.000,1.000,0.000,0.000,3.000,0.000,0.000,0.000,57.000
5207514,AP190020.jpg,Unconfirmed,100,0.000,0.000,0.000,0.000,31.000,0.000,0.000,0.000,1.000,1.000,8.000,0.000,0.000,0.000,9.000,0.000,0.000,0.000,50.000
5207512,AP190021.jpg,Unconfirmed,100,0.000,0.000,0.000,0.000,36.000,0.000,0.000,0.000,1.000,0.000,2.000,1.000,0.000,1.000,3.000,0.000,0.000,0.000,56.000
5207509,AP190022.jpg,Unconfirmed,100,0.000,0.000,0.000,0.000,40.000,0.000,0.000,0.000,0.000,0.000,2.000,0.000,0.000,0.000,3.000,0.000,0.000,0.000,55.000
5207505,AP190023.jpg,Unconfirmed,100,0.000,0.000,0.000,0.000,24.000,0.000,0.000,0.000,0.000,0.000,3.000,0.000,0.000,0.000,30.000,0.000,0.000,0.000,43.000
5207503,AP190024.jpg,Unconfirmed,100,0.000,0.000,0.000,0.000,41.000,0.000,0.000,0.000,0.000,0.000,2.000,0.000,0.000,0.000,12.000,0.000,0.000,0.000,45.000
5207500,AP190025.jpg,Unconfirmed,100,0.000,0.000,0.000,0.000,32.000,0.000,0.000,0.000,0.000,0.000,0.000,0.000,0.000,0.000,19.000,0.000,0.000,0.000,49.000
5207497,AP190026.jpg,Unconfirmed,100,0.000,0.000,0.000,0.000,37.000,0.000,0.000,0.000,0.000,0.000,1.000,1.000,0.000,0.000,2.000,0.000,0.000,0.000,59.000
5207488,AP190027.jpg,Unconfirmed,100,0.000,0.000,0.000,0.000,64.000,0.000,0.000,0.000,2.000,0.000,1.000,0.000,0.000,1.000,5.000,0.000,0.000,0.000,27.000
5207486,AP190028.jpg,Unconfirmed,100,0.000,0.000,0.000,0.000,40.000,0.000,0.000,0.000,4.000,0.000,3.000,0.000,0.000,0.000,10.000,0.000,0.000,0.000,43.000
5207485,AP190029.jpg,Unconfirmed,100,0.000,0.000,0.000,1.000,64.000,0.000,0.000,0.000,4.000,0.000,0.000,0.000,0.000,0.000,11.000,0.000,0.000,0.000,20.000
5207483,AP190030.jpg,Unconfirmed,100,0.000,0.000,0.000,1.000,75.000,0.000,0.000,0.000,1.000,0.000,3.000,0.000,0.000,0.000,3.000,0.000,0.000,0.000,17.000
5207482,AP190031.jpg,Unconfirmed,100,0.000,0.000,0.000,0.000,21.000,0.000,0.000,0.000,2.000,0.000,2.000,0.000,0.000,1.000,9.000,0.000,0.000,0.000,65.000
5207480,AP190032.jpg,Unconfirmed,100,0.000,0.000,0.000,0.000,45.000,0.000,0.000,0.000,1.000,0.000,1.000,0.000,0.000,0.000,4.000,0.000,0.000,0.000,49.000
5207478,AP190033.jpg,Unconfirmed,100,0.000,0.000,0.000,0.000,46.000,0.000,0.000,0.000,0.000,0.000,0.000,0.000,0.000,0.000,5.000,0.000,0.000,0.000,49.000
5207475,AP190034.jpg,Unconfirmed,100,0.000,0.000,0.000,2.000,70.000,1.000,0.000,0.000,5.000,0.000,4.000,0.000,0.000,0.000,6.000,0.000,0.000,0.000,12.000
5207467,AP190035.jpg,Unconfirmed,100,0.000,0.000,0.000,0.000,13.000,0.000,0.000,0.000,10.000,0.000,33.000,0.000,0.000,1.000,5.000,0.000,0.000,0.000,38.000
5207466,AP190036.jpg,Unconfirmed,100,0.000,0.000,0.000,0.000,12.000,0.000,0.000,0.000,10.000,0.000,42.000,0.000,0.000,3.000,4.000,0.000,0.000,0.000,29.000
5207462,AP190037.jpg,Unconfirmed,100,0.000,0.000,0.000,1.000,6.000,0.000,0.000,0.000,8.000,0.000,57.000,0.000,0.000,0.000,1.000,10.000,0.000,0.000,17.000
5207460,AP190038.jpg,Unconfirmed,100,0.000,0.000,0.000,0.000,14.000,1.000,0.000,0.000,7.000,0.000,2.000,0.000,0.000,1.000,73.000,1.000,0.000,0.000,1.000
5207459,AP190039.jpg,Unconfirmed,100,0.000,0.000,0.000,0.000,2.000,0.000,0.000,0.000,2.000,0.000,16.000,0.000,0.000,1.000,12.000,0.000,0.000,0.000,67.000
5207442,AP190040.jpg,Unconfirmed,100,0.000,0.000,0.000,0.000,38.000,0.000,0.000,0.000,0.000,0.000,0.000,2.000,0.000,0.000,11.000,0.000,0.000,0.000,49.000
5207439,AP190041.jpg,Unconfirmed,100,0.000,0.000,0.000,0.000,26.000,0.000,0.000,0.000,0.000,0.000,3.000,0.000,0.000,0.000,5.000,0.000,0.000,0.000,66.000
5207428,AP190042.jpg,Unconfirmed,100,0.000,0.000,0.000,0.000,24.000,0.000,0.000,0.000,0.000,0.000,2.000,0.000,0.000,0.000,24.000,0.000,0.000,0.000,50.000
5207424,AP190043.jpg,Unconfirmed,100,0.000,0.000,0.000,0.000,40.000,0.000,0.000,0.000,0.000,0.000,3.000,0.000,0.000,0.000,2.000,0.000,0.000,0.000,55.000
5207422,AP190044.jpg,Unconfirmed,100,0.000,0.000,0.000,0.000,42.000,0.000,0.000,0.000,0.000,0.000,3.000,0.000,0.000,0.000,4.000,0.000,0.000,0.000,51.000
5207420,AP190045.jpg,Unconfirmed,100,0.000,0.000,0.000,0.000,50.000,0.000,0.000,0.000,0.000,0.000,2.000,0.000,0.000,0.000,3.000,0.000,0.000,0.000,45.000
5207417,AP190046.jpg,Unconfirmed,100,0.000,0.000,0.000,1.000,42.000,0.000,0.000,0.000,1.000,0.000,4.000,0.000,0.000,0.000,10.000,0.000,0.000,0.000,42.000
5207414,AP190047.jpg,Unconfirmed,100,0.000,0.000,0.000,0.000,37.000,0.000,0.000,0.000,0.000,0.000,0.000,0.000,0.000,0.000,2.000,0.000,0.000,0.000,61.000
5207413,AP190048.jpg,Unconfirmed,100,0.000,0.000,0.000,0.000,26.000,0.000,0.000,0.000,2.000,0.000,0.000,0.000,0.000,0.000,13.000,0.000,0.000,0.000,59.000
5207411,AP190049.jpg,Unconfirmed,100,0.000,0.000,0.000,0.000,72.000,0.000,0.000,0.000,0.000,0.000,0.000,0.000,0.000,0.000,0.000,0.000,0.000,0.000,28.000
5207407,AP190050.jpg,Unconfirmed,100,0.000,0.000,0.000,0.000,55.000,0.000,0.000,0.000,0.000,0.000,6.000,1.000,0.000,0.000,6.000,0.000,0.000,0.000,32.000
5207404,AP190051.jpg,Unconfirmed,100,0.000,0.000,0.000,0.000,64.000,0.000,0.000,0.000,0.000,0.000,1.000,0.000,0.000,0.000,16.000,0.000,0.000,0.000,19.000
5207402,AP190052.jpg,Unconfirmed,100,0.000,0.000,0.000,0.000,93.000,0.000,0.000,0.000,0.000,0.000,0.000,0.000,0.000,0.000,2.000,0.000,0.000,0.000,5.000
5207401,AP190053.jpg,Unconfirmed,100,0.000,0.000,0.000,0.000,58.000,0.000,0.000,0.000,0.000,0.000,0.000,0.000,0.000,0.000,0.000,0.000,0.000,0.000,42.000
5207399,AP190054.jpg,Unconfirmed,100,0.000,0.000,0.000,0.000,52.000,0.000,0.000,0.000,0.000,0.000,1.000,0.000,0.000,0.000,1.000,0.000,0.000,0.000,46.000
5207398,AP190055.jpg,Unconfirmed,100,0.000,0.000,0.000,0.000,87.000,0.000,0.000,0.000,3.000,0.000,0.000,0.000,0.000,0.000,1.000,0.000,0.000,0.000,9.000
5207397,AP190056.jpg,Unconfirmed,100,0.000,0.000,0.000,0.000,60.000,0.000,0.000,0.000,1.000,0.000,2.000,0.000,0.000,0.000,0.000,0.000,0.000,0.000,37.000
5207394,AP190057.jpg,Unconfirmed,100,0.000,0.000,0.000,0.000,57.000,0.000,0.000,0.000,0.000,0.000,0.000,0.000,0.000,0.000,5.000,0.000,0.000,0.000,38.000
5207391,AP190058.jpg,Unconfirmed,100,0.000,0.000,0.000,0.000,88.000,0.000,0.000,0.000,0.000,0.000,2.000,0.000,0.000,0.000,0.000,0.000,0.000,0.000,10.000
5207389,AP190059.jpg,Unconfirmed,100,0.000,0.000,0.000,0.000,6.000,0.000,0.000,0.000,1.000,0.000,58.000,0.000,0.000,0.000,2.000,0.000,0.000,0.000,33.000
5207387,AP190060.jpg,Unconfirmed,100,0.000,0.000,0.000,0.000,54.000,0.000,0.000,0.000,0.000,0.000,3.000,0.000,0.000,0.000,6.000,0.000,0.000,0.000,37.000
5207386,AP190061.jpg,Unconfirmed,100,0.000,0.000,0.000,0.000,13.000,0.000,0.000,0.000,8.000,0.000,24.000,1.000,0.000,1.000,3.000,0.000,0.000,0.000,50.000
5207384,AP190062.jpg,Unconfirmed,100,0.000,0.000,0.000,0.000,18.000,0.000,0.000,0.000,2.000,0.000,30.000,0.000,0.000,0.000,2.000,0.000,0.000,0.000,48.000
5207383,AP190063.jpg,Unconfirmed,100,0.000,0.000,0.000,0.000,11.000,0.000,0.000,0.000,1.000,0.000,66.000,0.000,0.000,0.000,0.000,0.000,0.000,0.000,22.000
5207381,AP190064.jpg,Unconfirmed,100,0.000,0.000,0.000,0.000,7.000,0.000,0.000,0.000,0.000,0.000,33.000,0.000,0.000,1.000,1.000,1.000,0.000,0.000,57.000
5207378,AP190065.jpg,Unconfirmed,100,0.000,0.000,0.000,0.000,42.000,0.000,0.000,0.000,0.000,0.000,5.000,0.000,0.000,0.000,1.000,0.000,0.000,0.000,52.000
5207373,AP190066.jpg,Unconfirmed,100,0.000,0.000,0.000,0.000,10.000,0.000,0.000,0.000,8.000,0.000,29.000,0.000,0.000,1.000,7.000,0.000,0.000,0.000,45.000
5207371,AP190067.jpg,Unconfirmed,100,0.000,0.000,0.000,0.000,86.000,0.000,0.000,0.000,0.000,0.000,1.000,0.000,0.000,0.000,1.000,0.000,0.000,0.000,12.000
5207370,AP190068.jpg,Unconfirmed,100,0.000,0.000,0.000,0.000,6.000,0.000,0.000,0.000,2.000,0.000,44.000,0.000,0.000,1.000,4.000,1.000,0.000,0.000,42.000
5207368,AP190069.jpg,Unconfirmed,100,0.000,0.000,0.000,0.000,52.000,0.000,0.000,0.000,2.000,0.000,2.000,0.000,0.000,0.000,18.000,0.000,0.000,0.000,26.000
5207364,AP190070.jpg,Unconfirmed,100,0.000,0.000,0.000,2.000,0.000,0.000,0.000,0.000,3.000,0.000,5.000,0.000,0.000,0.000,38.000,0.000,0.000,0.000,52.000
5207361,AP190071.jpg,Unconfirmed,100,0.000,0.000,0.000,0.000,15.000,0.000,0.000,0.000,52.000,0.000,13.000,0.000,0.000,2.000,3.000,0.000,0.000,0.000,15.000
5207359,AP190072.jpg,Unconfirmed,100,0.000,0.000,0.000,0.000,36.000,0.000,0.000,0.000,5.000,0.000,9.000,0.000,0.000,0.000,17.000,0.000,0.000,0.000,33.000
5207358,AP190073.jpg,Unconfirmed,100,0.000,0.000,0.000,1.000,45.000,0.000,0.000,0.000,1.000,0.000,4.000,0.000,0.000,0.000,19.000,0.000,0.000,0.000,30.000
5207356,AP190074.jpg,Unconfirmed,100,0.000,0.000,0.000,0.000,78.000,0.000,0.000,0.000,4.000,0.000,0.000,0.000,0.000,0.000,4.000,0.000,0.000,0.000,14.000
5207354,AP190075.jpg,Unconfirmed,100,0.000,0.000,0.000,0.000,78.000,0.000,0.000,0.000,3.000,0.000,1.000,0.000,0.000,0.000,1.000,0.000,0.000,0.000,17.000
5207351,AP190076.jpg,Unconfirmed,100,0.000,0.000,0.000,0.000,40.000,0.000,0.000,0.000,10.000,0.000,23.000,0.000,0.000,0.000,1.000,0.000,0.000,0.000,26.000
5207343,AP190077.jpg,Unconfirmed,100,0.000,0.000,0.000,0.000,37.000,0.000,0.000,0.000,3.000,0.000,9.000,0.000,0.000,0.000,18.000,0.000,0.000,0.000,33.000
5207341,AP190078.jpg,Unconfirmed,100,0.000,0.000,0.000,0.000,53.000,0.000,0.000,0.000,0.000,0.000,1.000,0.000,0.000,0.000,12.000,0.000,0.000,0.000,34.000
5207337,AP190079.jpg,Unconfirmed,100,0.000,0.000,0.000,0.000,67.000,0.000,0.000,0.000,9.000,0.000,0.000,0.000,0.000,0.000,12.000,0.000,0.000,0.000,12.000
5207542,AP200011.jpg,Unconfirmed,100,0.000,0.000,0.000,0.000,34.000,0.000,0.000,0.000,0.000,0.000,4.000,0.000,0.000,0.000,4.000,0.000,0.000,0.000,58.000
5207534,AP200012.jpg,Unconfirmed,100,0.000,0.000,0.000,0.000,28.000,0.000,0.000,0.000,1.000,0.000,1.000,0.000,0.000,0.000,6.000,0.000,0.000,0.000,64.000
5207529,AP200013.jpg,Unconfirmed,100,0.000,0.000,0.000,0.000,26.000,0.000,0.000,0.000,0.000,0.000,2.000,0.000,0.000,0.000,12.000,0.000,0.000,0.000,60.000
5207518,AP200014.jpg,Unconfirmed,100,0.000,0.000,0.000,0.000,34.000,0.000,0.000,0.000,3.000,0.000,2.000,0.000,0.000,0.000,12.000,0.000,0.000,0.000,49.000
5207507,AP200015.jpg,Unconfirmed,100,0.000,0.000,0.000,0.000,53.000,0.000,0.000,0.000,0.000,0.000,0.000,0.000,0.000,0.000,2.000,0.000,0.000,0.000,45.000
5207499,AP200016.jpg,Unconfirmed,100,0.000,0.000,0.000,0.000,30.000,0.000,0.000,0.000,1.000,0.000,0.000,0.000,0.000,0.000,11.000,0.000,0.000,0.000,58.000
5207494,AP200017.jpg,Unconfirmed,100,0.000,0.000,0.000,0.000,40.000,0.000,0.000,0.000,0.000,0.000,0.000,0.000,0.000,0.000,5.000,0.000,0.000,0.000,55.000
5207491,AP200018.jpg,Unconfirmed,100,0.000,0.000,0.000,0.000,46.000,0.000,0.000,0.000,1.000,0.000,3.000,0.000,0.000,2.000,3.000,0.000,0.000,0.000,45.000
5207481,AP200019.jpg,Unconfirmed,100,0.000,0.000,0.000,0.000,29.000,0.000,0.000,0.000,0.000,0.000,1.000,0.000,0.000,0.000,0.000,0.000,0.000,0.000,70.000
5207476,AP200020.jpg,Unconfirmed,100,0.000,0.000,0.000,0.000,38.000,0.000,0.000,0.000,4.000,0.000,1.000,0.000,0.000,0.000,5.000,0.000,0.000,0.000,52.000
5207472,AP200021.jpg,Unconfirmed,100,0.000,0.000,0.000,0.000,25.000,0.000,0.000,0.000,0.000,0.000,0.000,0.000,0.000,0.000,10.000,0.000,0.000,0.000,65.000
5207468,AP200022.jpg,Unconfirmed,100,0.000,0.000,0.000,0.000,31.000,0.000,0.000,0.000,0.000,0.000,1.000,0.000,0.000,0.000,3.000,0.000,0.000,0.000,65.000
5207465,AP200023.jpg,Unconfirmed,100,0.000,0.000,0.000,1.000,33.000,0.000,0.000,0.000,2.000,0.000,0.000,0.000,0.000,0.000,0.000,0.000,0.000,0.000,64.000
5207461,AP200024.jpg,Unconfirmed,100,0.000,0.000,0.000,0.000,31.000,0.000,0.000,0.000,0.000,0.000,1.000,0.000,0.000,0.000,0.000,0.000,0.000,0.000,68.000
5207457,AP200025.jpg,Unconfirmed,100,0.000,0.000,0.000,0.000,34.000,0.000,0.000,0.000,0.000,0.000,0.000,0.000,0.000,0.000,1.000,0.000,0.000,0.000,65.000
5207454,AP200026.jpg,Unconfirmed,100,0.000,0.000,0.000,0.000,45.000,0.000,0.000,0.000,0.000,0.000,0.000,0.000,0.000,0.000,2.000,0.000,0.000,0.000,53.000
5207452,AP200027.jpg,Unconfirmed,100,0.000,0.000,0.000,0.000,20.000,0.000,0.000,0.000,0.000,0.000,1.000,0.000,0.000,0.000,0.000,0.000,0.000,0.000,79.000
5207447,AP200028.jpg,Unconfirmed,100,0.000,0.000,0.000,0.000,67.000,0.000,0.000,0.000,0.000,0.000,0.000,0.000,0.000,0.000,0.000,0.000,0.000,0.000,33.000
5207390,AP200029.jpg,Unconfirmed,100,0.000,0.000,0.000,0.000,6.000,0.000,0.000,0.000,0.000,0.000,0.000,0.000,0.000,1.000,58.000,0.000,0.000,0.000,35.000
5207385,AP200030.jpg,Unconfirmed,100,0.000,0.000,0.000,0.000,3.000,0.000,0.000,0.000,4.000,0.000,0.000,0.000,0.000,0.000,23.000,0.000,0.000,0.000,70.000
5207379,AP200031.jpg,Unconfirmed,100,0.000,0.000,0.000,0.000,8.000,0.000,0.000,0.000,2.000,0.000,1.000,0.000,0.000,0.000,8.000,0.000,0.000,0.000,81.000
5207372,AP200032.jpg,Unconfirmed,100,0.000,0.000,0.000,0.000,2.000,0.000,0.000,0.000,0.000,0.000,1.000,0.000,0.000,1.000,49.000,0.000,0.000,0.000,47.000
5207353,AP200033.jpg,Unconfirmed,100,0.000,0.000,0.000,0.000,11.000,0.000,0.000,0.000,0.000,0.000,0.000,0.000,0.000,0.000,34.000,0.000,0.000,0.000,55.000
5207318,AP200034.jpg,Unconfirmed,100,0.000,0.000,0.000,0.000,20.000,0.000,0.000,0.000,0.000,0.000,0.000,0.000,0.000,1.000,43.000,0.000,0.000,0.000,36.000
5207315,AP200035.jpg,Unconfirmed,100,0.000,0.000,0.000,0.000,4.000,0.000,0.000,0.000,0.000,0.000,0.000,0.000,0.000,1.000,40.000,0.000,0.000,0.000,55.000
5207309,AP200036.jpg,Unconfirmed,100,0.000,0.000,0.000,1.000,1.000,0.000,0.000,0.000,9.000,0.000,13.000,0.000,0.000,4.000,32.000,0.000,0.000,0.000,40.000
5207564,AP210009.jpg,Unconfirmed,100,0.000,0.000,0.000,0.000,42.000,0.000,0.000,0.000,0.000,0.000,3.000,0.000,0.000,0.000,1.000,0.000,0.000,0.000,54.000
5207560,AP210010.jpg,Unconfirmed,100,0.000,0.000,0.000,0.000,50.000,0.000,0.000,0.000,0.000,0.000,1.000,0.000,0.000,0.000,10.000,0.000,0.000,0.000,39.000
5207558,AP210011.jpg,Unconfirmed,100,0.000,0.000,0.000,0.000,32.000,0.000,0.000,0.000,0.000,0.000,1.000,0.000,0.000,0.000,18.000,0.000,0.000,0.000,49.000
5207554,AP210012.jpg,Unconfirmed,100,0.000,0.000,0.000,0.000,66.000,0.000,0.000,0.000,0.000,0.000,3.000,0.000,0.000,0.000,7.000,0.000,0.000,0.000,24.000
5207551,AP210013.jpg,Unconfirmed,100,0.000,0.000,0.000,0.000,52.000,0.000,0.000,0.000,0.000,0.000,5.000,0.000,0.000,0.000,0.000,0.000,0.000,0.000,43.000
5207543,AP210014.jpg,Unconfirmed,100,0.000,0.000,0.000,1.000,0.000,0.000,0.000,0.000,0.000,0.000,0.000,0.000,0.000,0.000,75.000,0.000,0.000,0.000,24.000
5207540,AP210015.jpg,Unconfirmed,100,0.000,0.000,0.000,0.000,75.000,0.000,0.000,0.000,1.000,0.000,1.000,0.000,0.000,0.000,2.000,0.000,0.000,0.000,21.000
5207533,AP210016.jpg,Unconfirmed,100,0.000,0.000,0.000,0.000,91.000,0.000,0.000,0.000,2.000,0.000,0.000,0.000,0.000,0.000,2.000,0.000,0.000,0.000,5.000
5207527,AP210017.jpg,Unconfirmed,100,0.000,0.000,0.000,0.000,77.000,0.000,0.000,0.000,0.000,0.000,1.000,0.000,0.000,0.000,2.000,0.000,0.000,0.000,20.000
5207523,AP210018.jpg,Unconfirmed,100,0.000,0.000,0.000,0.000,65.000,0.000,0.000,0.000,0.000,0.000,1.000,0.000,0.000,0.000,5.000,0.000,0.000,0.000,29.000
5207521,AP210019.jpg,Unconfirmed,100,0.000,0.000,0.000,0.000,81.000,0.000,0.000,0.000,0.000,0.000,0.000,0.000,0.000,0.000,4.000,0.000,0.000,0.000,15.000
5207520,AP210020.jpg,Unconfirmed,100,0.000,0.000,0.000,0.000,31.000,0.000,0.000,0.000,2.000,0.000,4.000,3.000,0.000,0.000,14.000,0.000,0.000,0.000,46.000
5207513,AP210021.jpg,Unconfirmed,100,0.000,0.000,0.000,0.000,54.000,0.000,0.000,0.000,0.000,0.000,0.000,0.000,0.000,0.000,1.000,0.000,0.000,0.000,45.000
5207508,AP210022.jpg,Unconfirmed,100,0.000,0.000,0.000,0.000,42.000,0.000,0.000,0.000,0.000,0.000,0.000,0.000,0.000,0.000,0.000,0.000,0.000,0.000,58.000
5207502,AP210023.jpg,Unconfirmed,100,0.000,0.000,0.000,0.000,49.000,0.000,0.000,0.000,0.000,0.000,1.000,0.000,0.000,0.000,11.000,0.000,0.000,0.000,39.000
5207501,AP210024.jpg,Unconfirmed,100,0.000,0.000,0.000,0.000,87.000,0.000,0.000,0.000,0.000,0.000,1.000,0.000,0.000,0.000,0.000,0.000,0.000,0.000,12.000
5207498,AP210025.jpg,Unconfirmed,100,0.000,0.000,0.000,0.000,76.000,0.000,0.000,0.000,0.000,0.000,0.000,0.000,0.000,0.000,2.000,0.000,0.000,0.000,22.000
5207495,AP210026.jpg,Unconfirmed,100,0.000,0.000,0.000,0.000,31.000,0.000,0.000,0.000,0.000,0.000,0.000,0.000,0.000,0.000,7.000,0.000,0.000,0.000,62.000
5207492,AP210027.jpg,Unconfirmed,100,0.000,0.000,0.000,0.000,7.000,0.000,0.000,0.000,3.000,0.000,0.000,0.000,0.000,0.000,14.000,0.000,0.000,0.000,76.000
5207490,AP210028.jpg,Unconfirmed,100,0.000,0.000,0.000,1.000,4.000,0.000,0.000,0.000,4.000,0.000,5.000,0.000,0.000,0.000,29.000,0.000,0.000,0.000,57.000
5207489,AP210029.jpg,Unconfirmed,100,0.000,0.000,0.000,0.000,2.000,0.000,0.000,0.000,1.000,0.000,0.000,0.000,0.000,0.000,75.000,0.000,0.000,0.000,22.000
5207487,AP210030.jpg,Unconfirmed,100,0.000,0.000,0.000,1.000,27.000,0.000,0.000,0.000,8.000,0.000,0.000,0.000,0.000,0.000,40.000,0.000,0.000,0.000,24.000
5207484,AP210031.jpg,Unconfirmed,100,0.000,0.000,0.000,0.000,2.000,0.000,0.000,0.000,0.000,0.000,0.000,0.000,0.000,0.000,12.000,0.000,0.000,0.000,86.000
5207477,AP210032.jpg,Unconfirmed,100,0.000,0.000,0.000,0.000,6.000,0.000,0.000,0.000,7.000,0.000,0.000,0.000,0.000,0.000,71.000,0.000,0.000,0.000,16.000
5207473,AP210033.jpg,Unconfirmed,100,0.000,0.000,0.000,1.000,7.000,0.000,0.000,0.000,11.000,0.000,0.000,0.000,0.000,0.000,34.000,0.000,0.000,0.000,47.000
5207471,AP210034.jpg,Unconfirmed,100,0.000,0.000,0.000,0.000,0.000,0.000,0.000,0.000,0.000,0.000,0.000,0.000,0.000,0.000,73.000,0.000,0.000,0.000,27.000
5207469,AP210035.jpg,Unconfirmed,100,0.000,0.000,0.000,0.000,30.000,0.000,0.000,0.000,0.000,0.000,1.000,0.000,0.000,0.000,22.000,0.000,0.000,0.000,47.000
5207463,AP210036.jpg,Unconfirmed,100,0.000,0.000,0.000,1.000,47.000,0.000,0.000,0.000,15.000,0.000,0.000,0.000,0.000,0.000,5.000,0.000,0.000,0.000,32.000
5207458,AP210037.jpg,Unconfirmed,100,0.000,0.000,0.000,0.000,29.000,0.000,0.000,0.000,0.000,0.000,1.000,0.000,0.000,0.000,6.000,0.000,0.000,0.000,64.000
5207451,AP210038.jpg,Unconfirmed,100,0.000,0.000,0.000,0.000,25.000,0.000,0.000,0.000,3.000,0.000,2.000,0.000,0.000,0.000,19.000,0.000,0.000,0.000,51.000
5207449,AP210039.jpg,Unconfirmed,100,0.000,0.000,0.000,0.000,0.000,0.000,0.000,0.000,0.000,0.000,0.000,0.000,0.000,0.000,4.000,0.000,0.000,0.000,96.000
5207448,AP210040.jpg,Unconfirmed,100,0.000,0.000,0.000,0.000,0.000,0.000,0.000,0.000,2.000,0.000,0.000,0.000,0.000,0.000,40.000,0.000,0.000,0.000,58.000
5207445,AP210041.jpg,Unconfirmed,100,0.000,0.000,0.000,0.000,32.000,0.000,0.000,0.000,1.000,0.000,3.000,0.000,0.000,0.000,14.000,0.000,0.000,0.000,50.000
5207444,AP210042.jpg,Unconfirmed,100,0.000,0.000,0.000,0.000,57.000,0.000,0.000,0.000,0.000,0.000,0.000,0.000,0.000,0.000,3.000,0.000,0.000,0.000,40.000
5207441,AP210043.jpg,Unconfirmed,100,0.000,0.000,0.000,0.000,50.000,0.000,0.000,0.000,0.000,0.000,0.000,0.000,0.000,0.000,8.000,0.000,0.000,0.000,42.000
5207438,AP210044.jpg,Unconfirmed,100,0.000,0.000,0.000,0.000,1.000,0.000,0.000,0.000,2.000,0.000,0.000,0.000,0.000,0.000,26.000,0.000,0.000,0.000,71.000
5207436,AP210045.jpg,Unconfirmed,100,0.000,0.000,0.000,0.000,0.000,0.000,0.000,0.000,0.000,0.000,0.000,0.000,0.000,0.000,21.000,0.000,0.000,0.000,79.000
5207434,AP210046.jpg,Unconfirmed,100,0.000,0.000,0.000,0.000,59.000,0.000,0.000,0.000,0.000,0.000,0.000,0.000,0.000,0.000,4.000,0.000,0.000,0.000,37.000
5207433,AP210047.jpg,Unconfirmed,100,0.000,0.000,0.000,1.000,81.000,0.000,0.000,0.000,0.000,0.000,0.000,0.000,0.000,0.000,1.000,0.000,0.000,0.000,17.000
5207431,AP210048.jpg,Unconfirmed,100,0.000,0.000,0.000,0.000,25.000,0.000,0.000,0.000,1.000,0.000,8.000,0.000,0.000,0.000,27.000,0.000,0.000,0.000,39.000
5207430,AP210049.jpg,Unconfirmed,100,0.000,0.000,0.000,0.000,71.000,0.000,0.000,0.000,0.000,0.000,0.000,0.000,0.000,0.000,6.000,0.000,0.000,0.000,23.000
5207429,AP210050.jpg,Unconfirmed,100,0.000,0.000,0.000,0.000,76.000,0.000,0.000,0.000,0.000,0.000,0.000,0.000,0.000,0.000,2.000,0.000,0.000,0.000,22.000
5207426,AP210051.jpg,Unconfirmed,100,0.000,0.000,0.000,1.000,74.000,0.000,0.000,0.000,0.000,0.000,0.000,0.000,0.000,0.000,5.000,0.000,0.000,0.000,20.000
5207423,AP210052.jpg,Unconfirmed,100,0.000,0.000,0.000,1.000,4.000,0.000,0.000,0.000,0.000,0.000,2.000,0.000,0.000,1.000,47.000,0.000,0.000,0.000,45.000
5207415,AP210053.jpg,Unconfirmed,100,0.000,0.000,0.000,0.000,12.000,0.000,0.000,0.000,1.000,0.000,0.000,0.000,0.000,0.000,43.000,0.000,0.000,0.000,44.000
5207410,AP210054.jpg,Unconfirmed,100,0.000,0.000,0.000,0.000,46.000,0.000,0.000,0.000,1.000,0.000,0.000,0.000,0.000,0.000,12.000,0.000,0.000,0.000,41.000
5207408,AP210055.jpg,Unconfirmed,100,0.000,0.000,0.000,1.000,12.000,0.000,0.000,0.000,0.000,0.000,0.000,0.000,0.000,0.000,13.000,0.000,0.000,0.000,74.000
5207400,AP210056.jpg,Unconfirmed,100,0.000,0.000,0.000,0.000,46.000,0.000,0.000,0.000,1.000,0.000,5.000,0.000,0.000,0.000,14.000,0.000,0.000,0.000,34.000
5207395,AP210057.jpg,Unconfirmed,100,0.000,0.000,0.000,0.000,72.000,0.000,0.000,0.000,0.000,0.000,0.000,0.000,0.000,0.000,1.000,0.000,0.000,0.000,27.000
5207393,AP210058.jpg,Unconfirmed,100,0.000,0.000,0.000,0.000,42.000,0.000,0.000,0.000,2.000,0.000,3.000,0.000,0.000,0.000,16.000,0.000,0.000,0.000,37.000
5207388,AP210059.jpg,Unconfirmed,100,0.000,0.000,0.000,0.000,89.000,0.000,0.000,0.000,0.000,0.000,0.000,0.000,0.000,0.000,0.000,0.000,0.000,0.000,11.000
5207382,AP210060.jpg,Unconfirmed,100,0.000,0.000,0.000,0.000,41.000,0.000,0.000,0.000,1.000,0.000,1.000,0.000,0.000,0.000,7.000,0.000,0.000,0.000,50.000
5207380,AP210061.jpg,Unconfirmed,100,0.000,0.000,0.000,0.000,43.000,0.000,0.000,0.000,0.000,0.000,4.000,0.000,0.000,0.000,4.000,0.000,0.000,0.000,49.000
5207376,AP210062.jpg,Unconfirmed,100,0.000,0.000,0.000,0.000,45.000,0.000,0.000,0.000,0.000,0.000,0.000,0.000,0.000,0.000,6.000,0.000,0.000,0.000,49.000
5207374,AP210063.jpg,Unconfirmed,100,0.000,0.000,0.000,0.000,54.000,0.000,0.000,0.000,0.000,0.000,6.000,0.000,0.000,0.000,9.000,0.000,0.000,0.000,31.000
5207362,AP210066.jpg,Unconfirmed,100,0.000,0.000,0.000,0.000,17.000,0.000,0.000,0.000,4.000,0.000,58.000,0.000,0.000,0.000,0.000,0.000,0.000,0.000,21.000
5207360,AP210067.jpg,Unconfirmed,100,0.000,0.000,0.000,0.000,0.000,0.000,0.000,0.000,0.000,0.000,65.000,0.000,0.000,0.000,0.000,0.000,0.000,0.000,35.000
5207357,AP210068.jpg,Unconfirmed,100,0.000,0.000,0.000,0.000,0.000,0.000,0.000,0.000,0.000,0.000,72.000,0.000,0.000,0.000,7.000,0.000,0.000,0.000,21.000
5207355,AP210069.jpg,Unconfirmed,100,0.000,0.000,0.000,0.000,1.000,0.000,0.000,0.000,0.000,0.000,54.000,0.000,0.000,0.000,2.000,0.000,0.000,0.000,43.000
5207352,AP210070.jpg,Unconfirmed,100,0.000,0.000,0.000,0.000,1.000,0.000,0.000,0.000,1.000,0.000,54.000,0.000,0.000,0.000,1.000,0.000,0.000,0.000,43.000
5207347,AP210071.jpg,Unconfirmed,100,0.000,0.000,0.000,0.000,1.000,0.000,0.000,0.000,2.000,0.000,49.000,0.000,0.000,0.000,5.000,0.000,0.000,0.000,43.000
5207345,AP210072.jpg,Unconfirmed,100,0.000,0.000,0.000,1.000,1.000,0.000,0.000,0.000,2.000,0.000,48.000,0.000,0.000,0.000,1.000,0.000,0.000,0.000,47.000
5207344,AP210073.jpg,Unconfirmed,100,0.000,0.000,0.000,0.000,1.000,0.000,0.000,0.000,0.000,0.000,41.000,0.000,0.000,0.000,1.000,0.000,0.000,0.000,57.000
5207340,AP210074.jpg,Unconfirmed,100,0.000,0.000,0.000,0.000,0.000,0.000,0.000,0.000,0.000,0.000,73.000,0.000,0.000,0.000,1.000,0.000,0.000,0.000,26.000
5207339,AP210075.jpg,Unconfirmed,100,0.000,0.000,0.000,0.000,2.000,0.000,0.000,0.000,0.000,0.000,60.000,0.000,0.000,0.000,0.000,0.000,0.000,0.000,38.000
5207335,AP210076.jpg,Unconfirmed,100,0.000,0.000,0.000,0.000,0.000,0.000,0.000,0.000,0.000,0.000,57.000,0.000,0.000,0.000,0.000,0.000,0.000,0.000,43.000
5207333,AP210077.jpg,Unconfirmed,100,0.000,0.000,0.000,0.000,1.000,0.000,0.000,0.000,0.000,0.000,55.000,0.000,0.000,0.000,0.000,0.000,0.000,0.000,44.000
5207331,AP210078.jpg,Unconfirmed,100,0.000,0.000,0.000,0.000,0.000,0.000,0.000,0.000,0.000,0.000,61.000,0.000,0.000,0.000,1.000,0.000,0.000,0.000,38.000
5207328,AP210079.jpg,Unconfirmed,100,0.000,0.000,0.000,0.000,0.000,0.000,0.000,0.000,0.000,0.000,68.000,0.000,0.000,0.000,0.000,0.000,0.000,0.000,32.000
5207327,AP210080.jpg,Unconfirmed,100,0.000,0.000,0.000,0.000,0.000,0.000,0.000,0.000,0.000,0.000,62.000,0.000,0.000,0.000,0.000,0.000,0.000,0.000,38.000
5207324,AP210081.jpg,Unconfirmed,100,0.000,0.000,0.000,0.000,1.000,0.000,0.000,0.000,0.000,0.000,57.000,0.000,0.000,0.000,2.000,0.000,0.000,0.000,40.000
5207321,AP210082.jpg,Unconfirmed,100,0.000,0.000,0.000,0.000,0.000,0.000,0.000,0.000,0.000,0.000,57.000,0.000,0.000,0.000,1.000,0.000,0.000,0.000,42.000
5207320,AP210083.jpg,Unconfirmed,100,0.000,0.000,0.000,0.000,3.000,0.000,0.000,0.000,0.000,0.000,59.000,0.000,0.000,0.000,5.000,0.000,0.000,0.000,33.000
5207319,AP210084.jpg,Unconfirmed,100,0.000,0.000,0.000,0.000,4.000,0.000,0.000,0.000,0.000,0.000,59.000,0.000,0.000,0.000,0.000,0.000,0.000,0.000,37.000
5207316,AP210085.jpg,Unconfirmed,100,0.000,0.000,0.000,0.000,1.000,0.000,0.000,0.000,0.000,0.000,70.000,0.000,0.000,0.000,0.000,0.000,0.000,0.000,29.000
5207314,AP210086.jpg,Unconfirmed,100,0.000,0.000,0.000,0.000,1.000,0.000,0.000,0.000,0.000,0.000,64.000,0.000,0.000,0.000,0.000,0.000,0.000,0.000,35.000
5207313,AP210087.jpg,Unconfirmed,100,0.000,0.000,0.000,0.000,2.000,0.000,0.000,0.000,0.000,0.000,69.000,0.000,0.000,0.000,0.000,0.000,0.000,0.000,29.000
5207311,AP210088.jpg,Unconfirmed,100,0.000,0.000,0.000,0.000,0.000,0.000,0.000,0.000,0.000,0.000,59.000,0.000,0.000,0.000,0.000,0.000,0.000,0.000,41.000
5207310,AP210089.jpg,Unconfirmed,100,0.000,0.000,0.000,0.000,0.000,0.000,0.000,0.000,1.000,0.000,80.000,0.000,0.000,0.000,0.000,0.000,0.000,0.000,19.000
5207308,AP210090.jpg,Unconfirmed,100,0.000,0.000,0.000,0.000,1.000,0.000,0.000,0.000,1.000,0.000,65.000,0.000,0.000,0.000,1.000,0.000,0.000,0.000,32.000
5207307,AP210091.jpg,Unconfirmed,100,0.000,0.000,0.000,0.000,0.000,0.000,0.000,0.000,1.000,0.000,55.000,0.000,0.000,0.000,1.000,0.000,0.000,0.000,43.000
5207306,AP210092.jpg,Unconfirmed,100,0.000,0.000,0.000,0.000,0.000,0.000,0.000,0.000,0.000,0.000,61.000,0.000,0.000,0.000,0.000,0.000,0.000,0.000,39.000
5207305,AP210093.jpg,Unconfirmed,100,0.000,0.000,0.000,0.000,0.000,0.000,0.000,0.000,0.000,0.000,70.000,0.000,0.000,0.000,2.000,0.000,0.000,0.000,28.000
5207304,AP210094.jpg,Unconfirmed,100,0.000,0.000,0.000,0.000,0.000,0.000,0.000,0.000,0.000,0.000,72.000,0.000,0.000,0.000,0.000,0.000,0.000,0.000,28.000
5207302,AP210095.jpg,Unconfirmed,100,0.000,0.000,0.000,0.000,0.000,0.000,0.000,0.000,3.000,0.000,66.000,0.000,0.000,0.000,3.000,0.000,0.000,0.000,28.000
5207301,AP210096.jpg,Unconfirmed,100,0.000,0.000,0.000,0.000,3.000,0.000,0.000,0.000,0.000,0.000,28.000,0.000,0.000,0.000,1.000,0.000,0.000,0.000,68.000
5207299,AP210097.jpg,Unconfirmed,100,0.000,0.000,0.000,0.000,2.000,0.000,0.000,0.000,2.000,0.000,30.000,0.000,0.000,0.000,0.000,0.000,0.000,0.000,66.000
5207298,AP210098.jpg,Unconfirmed,100,0.000,0.000,0.000,0.000,0.000,0.000,0.000,0.000,4.000,0.000,23.000,0.000,0.000,0.000,4.000,0.000,0.000,0.000,69.000
5207297,AP210099.jpg,Unconfirmed,100,0.000,0.000,0.000,0.000,2.000,0.000,0.000,0.000,2.000,0.000,32.000,0.000,0.000,0.000,1.000,0.000,0.000,0.000,63.000
5207296,AP210100.jpg,Unconfirmed,100,0.000,0.000,0.000,0.000,3.000,0.000,0.000,0.000,0.000,0.000,29.000,0.000,0.000,0.000,2.000,0.000,0.000,0.000,66.000
5207295,AP210101.jpg,Unconfirmed,100,0.000,0.000,0.000,0.000,1.000,0.000,0.000,0.000,0.000,0.000,18.000,0.000,0.000,0.000,0.000,0.000,0.000,0.000,81.000
5207293,AP210102.jpg,Unconfirmed,100,0.000,0.000,0.000,0.000,1.000,0.000,0.000,0.000,0.000,0.000,35.000,0.000,0.000,0.000,3.000,0.000,0.000,0.000,61.000
5207292,AP210103.jpg,Unconfirmed,100,0.000,0.000,0.000,0.000,0.000,0.000,0.000,0.000,2.000,0.000,32.000,0.000,0.000,0.000,1.000,0.000,0.000,0.000,65.000
5207291,AP210104.jpg,Unconfirmed,100,0.000,0.000,0.000,0.000,0.000,0.000,0.000,0.000,0.000,0.000,46.000,0.000,0.000,0.000,0.000,0.000,0.000,0.000,54.000
5207289,AP210105.jpg,Unconfirmed,100,0.000,0.000,0.000,0.000,0.000,0.000,0.000,0.000,1.000,0.000,40.000,0.000,0.000,0.000,0.000,0.000,0.000,0.000,59.000
5207288,AP210106.jpg,Unconfirmed,100,0.000,0.000,0.000,0.000,0.000,0.000,0.000,0.000,0.000,0.000,36.000,0.000,0.000,1.000,0.000,0.000,0.000,0.000,63.000
5207287,AP210107.jpg,Unconfirmed,100,0.000,0.000,0.000,0.000,2.000,0.000,0.000,0.000,0.000,0.000,34.000,0.000,0.000,0.000,0.000,0.000,0.000,0.000,64.000
5207286,AP210108.jpg,Unconfirmed,100,0.000,0.000,0.000,0.000,0.000,0.000,0.000,0.000,0.000,0.000,31.000,0.000,0.000,0.000,0.000,0.000,0.000,0.000,69.000
5207284,AP210109.jpg,Unconfirmed,100,0.000,0.000,0.000,0.000,1.000,0.000,0.000,0.000,2.000,0.000,39.000,0.000,0.000,0.000,2.000,0.000,0.000,0.000,56.000
5207283,AP210110.jpg,Unconfirmed,100,0.000,0.000,0.000,0.000,0.000,0.000,0.000,0.000,0.000,0.000,25.000,0.000,0.000,0.000,1.000,0.000,0.000,0.000,74.000
5207282,AP210111.jpg,Unconfirmed,100,0.000,0.000,0.000,0.000,2.000,0.000,0.000,0.000,0.000,0.000,33.000,1.000,0.000,0.000,0.000,0.000,0.000,0.000,64.000
5207281,AP210112.jpg,Unconfirmed,100,0.000,0.000,0.000,0.000,3.000,0.000,0.000,0.000,2.000,0.000,25.000,0.000,0.000,0.000,1.000,0.000,0.000,0.000,69.000
5207279,AP210113.jpg,Unconfirmed,100,0.000,0.000,0.000,1.000,3.000,0.000,0.000,0.000,2.000,0.000,37.000,0.000,0.000,0.000,2.000,0.000,0.000,0.000,55.000
5207278,AP210114.jpg,Unconfirmed,100,0.000,0.000,0.000,0.000,0.000,0.000,0.000,0.000,3.000,0.000,29.000,0.000,0.000,0.000,2.000,0.000,0.000,0.000,66.000
5207576,AP230008.jpg,Unconfirmed,100,0.000,0.000,0.000,1.000,83.000,0.000,0.000,0.000,9.000,0.000,1.000,0.000,0.000,0.000,1.000,2.000,0.000,0.000,3.000
5207563,AP230009.jpg,Unconfirmed,100,0.000,0.000,0.000,0.000,36.000,0.000,0.000,0.000,1.000,0.000,0.000,0.000,0.000,0.000,9.000,0.000,0.000,0.000,54.000
5207546,AP230010.jpg,Unconfirmed,100,0.000,0.000,0.000,0.000,57.000,0.000,0.000,0.000,0.000,0.000,6.000,0.000,0.000,0.000,11.000,0.000,0.000,0.000,26.000
5207537,AP230011.jpg,Unconfirmed,100,0.000,0.000,0.000,0.000,37.000,0.000,0.000,0.000,4.000,0.000,7.000,0.000,0.000,0.000,23.000,0.000,0.000,0.000,29.000
5207536,AP230012.jpg,Unconfirmed,100,0.000,0.000,0.000,0.000,28.000,0.000,0.000,0.000,2.000,0.000,4.000,0.000,0.000,0.000,30.000,0.000,0.000,0.000,36.000
5207531,AP230013.jpg,Unconfirmed,100,0.000,0.000,0.000,0.000,0.000,0.000,0.000,0.000,1.000,0.000,0.000,0.000,0.000,0.000,49.000,0.000,0.000,0.000,50.000
5207510,AP230015.jpg,Unconfirmed,100,0.000,0.000,0.000,0.000,14.000,1.000,0.000,0.000,5.000,0.000,44.000,0.000,0.000,0.000,3.000,5.000,0.000,0.000,28.000
5207506,AP230016.jpg,Unconfirmed,100,0.000,0.000,0.000,5.000,20.000,0.000,0.000,0.000,14.000,0.000,6.000,0.000,0.000,0.000,29.000,9.000,0.000,0.000,17.000
5207504,AP230017.jpg,Unconfirmed,100,0.000,0.000,0.000,0.000,19.000,0.000,0.000,0.000,10.000,0.000,6.000,0.000,0.000,0.000,29.000,0.000,0.000,0.000,36.000
5207496,AP230018.jpg,Unconfirmed,100,0.000,0.000,0.000,0.000,3.000,0.000,0.000,0.000,4.000,0.000,1.000,0.000,0.000,2.000,33.000,0.000,0.000,0.000,57.000
5207493,AP230019.jpg,Unconfirmed,100,0.000,0.000,0.000,1.000,1.000,0.000,0.000,0.000,0.000,0.000,1.000,0.000,0.000,0.000,32.000,0.000,0.000,0.000,65.000
5207479,AP230021.jpg,Unconfirmed,100,0.000,0.000,0.000,0.000,80.000,0.000,0.000,0.000,0.000,0.000,6.000,0.000,0.000,0.000,3.000,0.000,0.000,0.000,11.000
5207474,AP230022.jpg,Unconfirmed,100,0.000,0.000,0.000,0.000,89.000,0.000,0.000,0.000,0.000,0.000,1.000,0.000,0.000,0.000,1.000,0.000,0.000,0.000,9.000
5207470,AP230023.jpg,Unconfirmed,100,0.000,0.000,0.000,0.000,46.000,0.000,0.000,0.000,0.000,0.000,2.000,0.000,0.000,0.000,20.000,0.000,0.000,0.000,32.000
5207464,AP230024.jpg,Unconfirmed,100,0.000,0.000,0.000,0.000,87.000,0.000,0.000,0.000,1.000,0.000,5.000,0.000,0.000,0.000,7.000,0.000,0.000,0.000,0.000
5207456,AP230025.jpg,Unconfirmed,100,0.000,0.000,0.000,0.000,90.000,0.000,0.000,0.000,1.000,0.000,4.000,0.000,0.000,0.000,3.000,0.000,0.000,0.000,2.000
5207443,AP230026.jpg,Unconfirmed,100,0.000,0.000,0.000,0.000,61.000,0.000,0.000,0.000,0.000,0.000,1.000,0.000,0.000,0.000,13.000,0.000,0.000,0.000,25.000
5207432,AP230027.jpg,Unconfirmed,100,0.000,0.000,0.000,0.000,58.000,0.000,0.000,0.000,0.000,0.000,1.000,0.000,0.000,0.000,1.000,0.000,0.000,0.000,40.000
5207425,AP230028.jpg,Unconfirmed,100,0.000,0.000,0.000,0.000,78.000,0.000,0.000,0.000,0.000,0.000,0.000,0.000,0.000,0.000,0.000,0.000,0.000,0.000,22.000
5207421,AP230029.jpg,Unconfirmed,100,0.000,0.000,0.000,0.000,78.000,0.000,0.000,0.000,0.000,0.000,0.000,0.000,0.000,0.000,0.000,0.000,0.000,0.000,22.000
5207419,AP230030.jpg,Unconfirmed,100,0.000,0.000,0.000,0.000,76.000,0.000,0.000,0.000,0.000,0.000,0.000,0.000,0.000,0.000,0.000,0.000,0.000,0.000,24.000
5207409,AP230031.jpg,Unconfirmed,100,0.000,0.000,0.000,0.000,81.000,0.000,0.000,0.000,0.000,0.000,0.000,0.000,0.000,0.000,0.000,0.000,0.000,0.000,19.000
5207403,AP230032.jpg,Unconfirmed,100,0.000,0.000,0.000,0.000,74.000,0.000,0.000,0.000,0.000,0.000,2.000,0.000,0.000,0.000,2.000,0.000,0.000,0.000,22.000
5207367,AP230033.jpg,Unconfirmed,100,0.000,0.000,0.000,0.000,47.000,0.000,0.000,0.000,0.000,0.000,0.000,0.000,0.000,0.000,0.000,0.000,0.000,0.000,53.000
5207349,AP230035.jpg,Unconfirmed,100,0.000,0.000,0.000,0.000,39.000,0.000,0.000,0.000,0.000,0.000,6.000,0.000,0.000,0.000,1.000,0.000,0.000,0.000,54.000
5207342,AP230036.jpg,Unconfirmed,100,0.000,0.000,0.000,0.000,3.000,0.000,0.000,0.000,0.000,0.000,50.000,0.000,0.000,0.000,2.000,0.000,0.000,0.000,45.000
5207336,AP230037.jpg,Unconfirmed,100,0.000,0.000,0.000,1.000,2.000,0.000,0.000,0.000,1.000,0.000,37.000,0.000,0.000,0.000,0.000,0.000,0.000,0.000,59.000
5207329,AP230038.jpg,Unconfirmed,100,0.000,0.000,0.000,0.000,1.000,0.000,0.000,0.000,0.000,0.000,24.000,0.000,0.000,0.000,3.000,0.000,0.000,0.000,72.000
5207322,AP230039.jpg,Unconfirmed,100,0.000,0.000,0.000,0.000,2.000,0.000,0.000,0.000,1.000,0.000,19.000,0.000,0.000,0.000,2.000,0.000,0.000,0.000,76.000
5207317,AP230040.jpg,Unconfirmed,100,0.000,0.000,0.000,0.000,1.000,0.000,0.000,0.000,0.000,0.000,25.000,0.000,0.000,0.000,0.000,0.000,0.000,0.000,74.000
5207312,AP230041.jpg,Unconfirmed,100,0.000,0.000,0.000,0.000,0.000,0.000,0.000,0.000,0.000,0.000,21.000,0.000,0.000,0.000,0.000,0.000,0.000,0.000,79.000
5207303,AP230042.jpg,Unconfirmed,100,0.000,0.000,0.000,0.000,0.000,0.000,0.000,0.000,1.000,0.000,22.000,0.000,0.000,0.000,1.000,0.000,0.000,0.000,76.000
5207300,AP230043.jpg,Unconfirmed,100,0.000,0.000,0.000,0.000,0.000,0.000,0.000,0.000,0.000,0.000,46.000,0.000,0.000,0.000,0.000,0.000,0.000,0.000,54.000
5207294,AP230044.jpg,Unconfirmed,100,0.000,0.000,0.000,0.000,0.000,0.000,0.000,0.000,0.000,0.000,32.000,0.000,0.000,0.000,1.000,0.000,0.000,0.000,67.000
5207290,AP230045.jpg,Unconfirmed,100,0.000,0.000,0.000,0.000,0.000,0.000,0.000,0.000,0.000,0.000,31.000,0.000,0.000,0.000,0.000,0.000,0.000,0.000,69.000
5207285,AP230046.jpg,Unconfirmed,100,0.000,0.000,0.000,0.000,0.000,0.000,0.000,0.000,1.000,0.000,51.000,0.000,0.000,1.000,0.000,0.000,0.000,0.000,47.000
5207280,AP230047.jpg,Unconfirmed,100,0.000,0.000,0.000,0.000,0.000,0.000,0.000,0.000,0.000,0.000,40.000,0.000,0.000,1.000,0.000,0.000,0.000,0.000,59.000
ALL IMAGES,,,,0.000,0.000,0.000,0.151,31.776,0.010,0.000,0.000,1.905,0.003,15.467,0.151,0.000,0.224,10.076,0.095,0.000,0.000,40.141
